seed,day,time,participant
0,0,0,2
0,0,0,3
0,0,0,7
0,0,0,9
0,0,1,7
0,0,1,4
0,0,1,8
0,0,1,9
0,0,2,2
0,0,2,5
0,0,2,6
0,0,2,8
0,0,3,0
0,0,3,2
0,0,3,4
0,0,3,8
0,0,4,1
0,0,5,2
0,0,5,3
0,0,5,7
0,0,5,9
0,0,6,1
0,0,6,0
0,0,6,6
0,0,6,8
0,0,7,0
0,0,7,5
0,0,7,6
0,0,7,8
0,0,8,9
0,0,8,5
0,0,8,6
0,0,8,7
0,0,9,3
0,0,9,0
0,0,9,7
0,0,9,8
0,0,10,1
0,0,10,3
0,0,10,5
0,0,10,7
0,0,11,0
0,0,11,3
0,0,11,4
0,0,11,6
0,0,12,2
0,0,12,3
0,0,12,5
0,0,12,8
0,0,13,6
0,0,14,0
0,0,14,6
0,0,15,1
0,0,15,4
0,0,15,5
0,0,15,7
0,0,16,0
0,0,16,3
0,0,16,7
0,0,16,8
0,0,17,0
0,0,17,3
0,0,17,5
0,0,17,8
0,0,18,1
0,0,18,3
0,0,18,5
0,0,18,9
0,0,19,1
0,0,20,0
0,0,20,4
0,0,20,5
0,0,20,9
0,0,21,4
0,0,21,5
0,0,21,6
0,0,21,9
0,0,22,1
0,0,22,2
0,0,22,9
0,0,22,4
0,0,23,0
0,0,23,2
0,0,23,9
0,0,23,4
0,0,24,1
0,0,24,2
0,0,24,8
0,0,24,9
0,0,25,0
0,0,25,1
0,0,25,6
0,0,25,7
0,0,26,3
0,0,26,4
0,0,26,6
0,0,26,8
0,0,27,3
0,0,27,4
0,0,27,6
0,0,27,9
0,0,28,1
0,0,28,2
0,0,28,5
0,0,28,7
0,0,29,1
0,0,29,4
0,0,29,7
0,0,29,9
0,0,30,0
0,0,30,3
0,0,30,5
0,0,30,8
0,0,31,1
0,0,31,2
0,0,31,3
0,0,31,4
0,0,32,2
0,0,32,5
0,0,32,6
0,0,32,7
0,0,33,0
0,0,33,1
0,0,33,2
0,0,33,6
0,1,0,6
0,1,0,7
0,1,0,3
0,1,0,2
0,1,1,1
0,1,1,3
0,1,1,8
0,1,1,9
0,1,2,6
0,1,2,1
0,1,2,5
0,1,2,9
0,1,3,9
0,1,3,1
0,1,3,8
0,1,3,6
0,1,4,1
0,1,5,1
0,1,5,2
0,1,5,5
0,1,5,7
0,1,6,0
0,1,6,4
0,1,6,5
0,1,6,9
0,1,7,0
0,1,7,2
0,1,7,4
0,1,7,7
0,1,8,2
0,1,8,4
0,1,8,7
0,1,8,9
0,1,9,0
0,1,9,2
0,1,9,3
0,1,9,4
0,1,10,1
0,1,10,3
0,1,10,7
0,1,10,9
0,1,11,1
0,1,11,2
0,1,11,5
0,1,11,7
0,1,12,3
0,1,12,6
0,1,12,7
0,1,12,8
0,1,13,0
0,1,14,0
0,1,14,6
0,1,15,3
0,1,15,5
0,1,15,6
0,1,15,9
0,1,16,2
0,1,16,6
0,1,16,8
0,1,16,9
0,1,17,0
0,1,17,4
0,1,17,6
0,1,17,8
0,1,18,4
0,1,18,5
0,1,18,8
0,1,18,9
0,1,19,1
0,1,19,4
0,1,20,0
0,1,20,2
0,1,20,3
0,1,20,8
0,1,21,0
0,1,21,1
0,1,21,8
0,1,21,5
0,1,22,2
0,1,22,3
0,1,22,8
0,1,22,6
0,1,23,4
0,1,23,5
0,1,23,7
0,1,23,8
0,1,24,2
0,1,24,3
0,1,24,4
0,1,24,5
0,1,25,0
0,1,25,1
0,1,25,4
0,1,25,6
0,1,26,1
0,1,26,2
0,1,26,3
0,1,26,5
0,1,27,3
0,1,27,5
0,1,27,6
0,1,27,7
0,1,28,0
0,1,28,3
0,1,28,6
0,1,28,9
0,1,29,0
0,1,29,1
0,1,29,6
0,1,29,9
0,1,30,1
0,1,30,4
0,1,30,5
0,1,30,7
0,1,31,2
0,1,31,4
0,1,31,7
0,1,31,8
0,1,32,0
0,1,32,3
0,1,32,8
0,1,32,9
0,1,33,0
0,1,33,4
0,1,33,5
0,1,33,7
0,2,0,4
0,2,0,5
0,2,0,6
0,2,0,8
0,2,1,5
0,2,1,2
0,2,1,9
0,2,1,8
0,2,2,5
0,2,2,2
0,2,2,6
0,2,2,7
0,2,3,6
0,2,3,2
0,2,3,7
0,2,3,8
0,2,4,1
0,2,5,2
0,2,5,9
0,2,5,7
0,2,5,8
0,2,6,9
0,2,6,2
0,2,6,3
0,2,6,4
0,2,7,0
0,2,7,7
0,2,7,8
0,2,7,9
0,2,8,0
0,2,8,3
0,2,8,4
0,2,8,6
0,2,9,0
0,2,9,1
0,2,9,2
0,2,9,6
0,2,10,1
0,2,10,3
0,2,10,7
0,2,10,8
0,2,11,2
0,2,11,3
0,2,11,4
0,2,11,8
0,2,12,0
0,2,12,5
0,2,12,7
0,2,12,9
0,2,13,6
0,2,14,4
0,2,14,6
0,2,15,5
0,2,15,6
0,2,15,7
0,2,15,9
0,2,16,3
0,2,16,4
0,2,16,5
0,2,16,8
0,2,17,0
0,2,17,1
0,2,17,5
0,2,17,7
0,2,18,4
0,2,18,5
0,2,18,6
0,2,18,7
0,2,19,0
0,2,19,1
0,2,20,0
0,2,20,5
0,2,20,4
0,2,20,9
0,2,21,2
0,2,21,3
0,2,21,4
0,2,21,5
0,2,22,0
0,2,22,2
0,2,22,4
0,2,22,8
0,2,23,0
0,2,23,2
0,2,23,3
0,2,23,7
0,2,24,1
0,2,24,2
0,2,24,8
0,2,24,9
0,2,25,3
0,2,25,4
0,2,25,5
0,2,25,6
0,2,26,1
0,2,26,3
0,2,26,7
0,2,26,9
0,2,27,1
0,2,27,3
0,2,27,5
0,2,27,9
0,2,28,0
0,2,28,1
0,2,28,6
0,2,28,7
0,2,29,1
0,2,29,2
0,2,29,4
0,2,29,5
0,2,30,0
0,2,30,1
0,2,30,6
0,2,30,9
0,2,31,0
0,2,31,1
0,2,31,3
0,2,31,8
0,2,32,0
0,2,32,1
0,2,32,3
0,2,32,6
0,2,33,3
0,2,33,4
0,2,33,8
0,2,33,9
0,3,0,2
0,3,0,6
0,3,0,8
0,3,0,3
0,3,1,6
0,3,1,1
0,3,1,2
0,3,1,8
0,3,2,1
0,3,2,3
0,3,2,5
0,3,2,9
0,3,3,0
0,3,3,3
0,3,3,1
0,3,3,6
0,3,4,1
0,3,5,1
0,3,5,2
0,3,5,5
0,3,5,8
0,3,6,1
0,3,6,2
0,3,6,3
0,3,6,9
0,3,7,0
0,3,7,2
0,3,7,5
0,3,7,8
0,3,8,0
0,3,8,2
0,3,8,3
0,3,8,5
0,3,9,0
0,3,9,1
0,3,9,4
0,3,9,5
0,3,10,2
0,3,10,3
0,3,10,1
0,3,10,8
0,3,11,3
0,3,11,5
0,3,11,8
0,3,11,9
0,3,12,3
0,3,12,6
0,3,12,7
0,3,12,9
0,3,13,4
0,3,14,0
0,3,14,4
0,3,15,0
0,3,15,7
0,3,15,4
0,3,15,9
0,3,16,0
0,3,16,5
0,3,16,7
0,3,16,9
0,3,17,2
0,3,17,3
0,3,17,5
0,3,17,7
0,3,18,1
0,3,18,4
0,3,18,6
0,3,18,7
0,3,19,1
0,3,19,4
0,3,20,0
0,3,20,1
0,3,20,3
0,3,20,7
0,3,21,1
0,3,21,4
0,3,21,6
0,3,21,9
0,3,22,2
0,3,22,5
0,3,22,6
0,3,22,7
0,3,23,2
0,3,23,4
0,3,23,5
0,3,23,7
0,3,24,0
0,3,24,4
0,3,24,6
0,3,24,8
0,3,25,1
0,3,25,5
0,3,25,8
0,3,25,9
0,3,26,3
0,3,26,4
0,3,26,6
0,3,26,7
0,3,27,6
0,3,27,7
0,3,27,8
0,3,27,9
0,3,28,0
0,3,28,3
0,3,28,5
0,3,28,6
0,3,29,0
0,3,29,2
0,3,29,4
0,3,29,7
0,3,30,0
0,3,30,4
0,3,30,5
0,3,30,9
0,3,31,4
0,3,31,6
0,3,31,7
0,3,31,8
0,3,32,0
0,3,32,6
0,3,32,8
0,3,32,9
0,3,33,2
0,3,33,3
0,3,33,8
0,3,33,9
0,4,0,4
0,4,0,3
0,4,0,5
0,4,0,8
0,4,1,2
0,4,1,5
0,4,1,8
0,4,1,9
0,4,2,5
0,4,2,2
0,4,2,6
0,4,2,9
0,4,3,4
0,4,3,5
0,4,3,2
0,4,3,8
0,4,4,1
0,4,5,5
0,4,5,7
0,4,5,8
0,4,5,9
0,4,6,9
0,4,6,1
0,4,6,4
0,4,6,6
0,4,7,2
0,4,7,4
0,4,7,7
0,4,7,9
0,4,8,0
0,4,8,4
0,4,8,7
0,4,8,9
0,4,9,0
0,4,9,3
0,4,9,4
0,4,9,7
0,4,10,1
0,4,10,2
0,4,10,3
0,4,10,7
0,4,11,2
0,4,11,4
0,4,11,6
0,4,11,7
0,4,12,2
0,4,12,6
0,4,12,7
0,4,12,8
0,4,13,6
0,4,14,0
0,4,14,4
0,4,15,0
0,4,15,3
0,4,15,6
0,4,15,8
0,4,16,1
0,4,16,5
0,4,16,6
0,4,16,7
0,4,17,5
0,4,17,6
0,4,17,7
0,4,17,8
0,4,18,9
0,4,18,5
0,4,18,3
0,4,18,8
0,4,19,4
0,4,20,0
0,4,20,1
0,4,20,3
0,4,20,8
0,4,21,1
0,4,21,4
0,4,21,6
0,4,21,8
0,4,22,1
0,4,22,2
0,4,22,3
0,4,22,4
0,4,23,0
0,4,23,1
0,4,23,6
0,4,23,9
0,4,24,1
0,4,24,3
0,4,24,6
0,4,24,8
0,4,25,0
0,4,25,2
0,4,25,3
0,4,25,7
0,4,26,0
0,4,26,6
0,4,26,7
0,4,26,9
0,4,27,1
0,4,27,2
0,4,27,4
0,4,27,5
0,4,28,1
0,4,28,5
0,4,28,7
0,4,28,9
0,4,29,0
0,4,29,1
0,4,29,5
0,4,29,8
0,4,30,0
0,4,30,3
0,4,30,5
0,4,30,9
0,4,31,0
0,4,31,2
0,4,31,3
0,4,31,9
0,4,32,0
0,4,32,1
0,4,32,2
0,4,32,3
0,4,33,0
0,4,33,3
0,4,33,5
0,4,33,6
seed,day,time,participant
423874,0,0,2
423874,0,0,1
423874,0,0,8
423874,0,0,9
423874,0,1,9
423874,0,1,6
423874,0,1,1
423874,0,1,8
423874,0,2,2
423874,0,2,1
423874,0,2,6
423874,0,2,9
423874,0,3,2
423874,0,3,5
423874,0,3,0
423874,0,3,8
423874,0,4,1
423874,0,5,1
423874,0,5,3
423874,0,5,7
423874,0,5,8
423874,0,6,2
423874,0,6,4
423874,0,6,8
423874,0,6,9
423874,0,7,0
423874,0,7,3
423874,0,7,7
423874,0,7,9
423874,0,8,2
423874,0,8,5
423874,0,8,7
423874,0,8,8
423874,0,9,2
423874,0,9,0
423874,0,9,5
423874,0,9,6
423874,0,10,2
423874,0,10,3
423874,0,10,5
423874,0,10,8
423874,0,11,0
423874,0,11,1
423874,0,11,2
423874,0,11,3
423874,0,12,3
423874,0,12,4
423874,0,12,0
423874,0,12,8
423874,0,13,6
423874,0,14,4
423874,0,14,6
423874,0,15,0
423874,0,15,5
423874,0,15,7
423874,0,15,8
423874,0,16,0
423874,0,16,1
423874,0,16,4
423874,0,16,6
423874,0,17,4
423874,0,17,5
423874,0,17,7
423874,0,17,8
423874,0,18,3
423874,0,18,5
423874,0,18,6
423874,0,18,9
423874,0,19,0
423874,0,20,0
423874,0,20,3
423874,0,20,4
423874,0,20,7
423874,0,21,3
423874,0,21,4
423874,0,21,5
423874,0,21,7
423874,0,22,0
423874,0,22,2
423874,0,22,5
423874,0,22,9
423874,0,23,0
423874,0,23,1
423874,0,23,3
423874,0,23,9
423874,0,24,2
423874,0,24,3
423874,0,24,5
423874,0,24,8
423874,0,25,0
423874,0,25,1
423874,0,25,4
423874,0,25,9
423874,0,26,2
423874,0,26,5
423874,0,26,6
423874,0,26,7
423874,0,27,3
423874,0,27,4
423874,0,27,5
423874,0,27,9
423874,0,28,1
423874,0,28,4
423874,0,28,6
423874,0,28,7
423874,0,29,1
423874,0,29,6
423874,0,29,8
423874,0,29,9
423874,0,30,1
423874,0,30,2
423874,0,30,7
423874,0,30,9
423874,0,31,2
423874,0,31,3
423874,0,31,4
423874,0,31,6
423874,0,32,0
423874,0,32,3
423874,0,32,5
423874,0,32,7
423874,0,33,4
423874,0,33,6
423874,0,33,7
423874,0,33,9
423874,1,0,1
423874,1,0,2
423874,1,0,6
423874,1,0,7
423874,1,1,1
423874,1,1,5
423874,1,1,7
423874,1,1,3
423874,1,2,6
423874,1,2,3
423874,1,2,5
423874,1,2,7
423874,1,3,6
423874,1,3,7
423874,1,3,8
423874,1,3,5
423874,1,4,1
423874,1,5,1
423874,1,5,2
423874,1,5,5
423874,1,5,9
423874,1,6,0
423874,1,6,1
423874,1,6,2
423874,1,6,5
423874,1,7,0
423874,1,7,2
423874,1,7,4
423874,1,7,5
423874,1,8,2
423874,1,8,5
423874,1,8,7
423874,1,8,9
423874,1,9,0
423874,1,9,3
423874,1,9,7
423874,1,9,9
423874,1,10,1
423874,1,10,5
423874,1,10,7
423874,1,10,9
423874,1,11,1
423874,1,11,3
423874,1,11,7
423874,1,11,9
423874,1,12,0
423874,1,12,3
423874,1,12,6
423874,1,12,8
423874,1,13,4
423874,1,14,0
423874,1,14,6
423874,1,15,3
423874,1,15,4
423874,1,15,8
423874,1,15,9
423874,1,16,2
423874,1,16,3
423874,1,16,4
423874,1,16,9
423874,1,17,4
423874,1,17,5
423874,1,17,6
423874,1,17,8
423874,1,18,0
423874,1,18,3
423874,1,18,4
423874,1,18,5
423874,1,19,4
423874,1,19,6
423874,1,20,0
423874,1,20,2
423874,1,20,7
423874,1,20,8
423874,1,21,2
423874,1,21,4
423874,1,21,5
423874,1,21,6
423874,1,22,4
423874,1,22,6
423874,1,22,7
423874,1,22,9
423874,1,23,3
423874,1,23,6
423874,1,23,8
423874,1,23,9
423874,1,24,0
423874,1,24,2
423874,1,24,4
423874,1,24,6
423874,1,25,1
423874,1,25,2
423874,1,25,8
423874,1,25,9
423874,1,26,0
423874,1,26,4
423874,1,26,8
423874,1,26,9
423874,1,27,1
423874,1,27,3
423874,1,27,6
423874,1,27,8
423874,1,28,0
423874,1,28,1
423874,1,28,5
423874,1,28,9
423874,1,29,1
423874,1,29,2
423874,1,29,3
423874,1,29,7
423874,1,30,2
423874,1,30,3
423874,1,30,8
423874,1,30,9
423874,1,31,0
423874,1,31,1
423874,1,31,4
423874,1,31,8
423874,1,32,0
423874,1,32,2
423874,1,32,5
423874,1,32,7
423874,1,33,0
423874,1,33,3
423874,1,33,6
423874,1,33,8
423874,2,0,2
423874,2,0,5
423874,2,0,6
423874,2,0,9
423874,2,1,2
423874,2,1,4
423874,2,1,5
423874,2,1,6
423874,2,2,2
423874,2,2,4
423874,2,2,6
423874,2,2,7
423874,2,3,2
423874,2,3,3
423874,2,3,6
423874,2,3,5
423874,2,4,1
423874,2,5,1
423874,2,5,2
423874,2,5,5
423874,2,5,7
423874,2,6,6
423874,2,6,2
423874,2,6,7
423874,2,6,9
423874,2,7,6
423874,2,7,3
423874,2,7,7
423874,2,7,9
423874,2,8,0
423874,2,8,2
423874,2,8,6
423874,2,8,4
423874,2,9,2
423874,2,9,3
423874,2,9,6
423874,2,9,9
423874,2,10,2
423874,2,10,3
423874,2,10,8
423874,2,10,9
423874,2,11,0
423874,2,11,2
423874,2,11,3
423874,2,11,6
423874,2,12,4
423874,2,12,7
423874,2,12,8
423874,2,12,5
423874,2,13,4
423874,2,14,0
423874,2,14,4
423874,2,15,6
423874,2,15,3
423874,2,15,4
423874,2,15,9
423874,2,16,0
423874,2,16,7
423874,2,16,4
423874,2,16,8
423874,2,17,0
423874,2,17,3
423874,2,17,5
423874,2,17,8
423874,2,18,0
423874,2,18,1
423874,2,18,6
423874,2,18,9
423874,2,19,1
423874,2,19,6
423874,2,20,0
423874,2,20,5
423874,2,20,7
423874,2,20,9
423874,2,21,2
423874,2,21,5
423874,2,21,7
423874,2,21,9
423874,2,22,0
423874,2,22,1
423874,2,22,3
423874,2,22,7
423874,2,23,1
423874,2,23,3
423874,2,23,8
423874,2,23,9
423874,2,24,0
423874,2,24,1
423874,2,24,3
423874,2,24,8
423874,2,25,0
423874,2,25,1
423874,2,25,4
423874,2,25,7
423874,2,26,0
423874,2,26,4
423874,2,26,5
423874,2,26,8
423874,2,27,1
423874,2,27,4
423874,2,27,5
423874,2,27,9
423874,2,28,1
423874,2,28,3
423874,2,28,8
423874,2,28,9
423874,2,29,3
423874,2,29,5
423874,2,29,7
423874,2,29,8
423874,2,30,0
423874,2,30,1
423874,2,30,4
423874,2,30,8
423874,2,31,0
423874,2,31,3
423874,2,31,5
423874,2,31,8
423874,2,32,1
423874,2,32,2
423874,2,32,5
423874,2,32,9
423874,2,33,2
423874,2,33,6
423874,2,33,7
423874,2,33,8
423874,3,0,0
423874,3,0,9
423874,3,0,1
423874,3,0,8
423874,3,1,0
423874,3,1,9
423874,3,1,1
423874,3,1,6
423874,3,2,2
423874,3,2,6
423874,3,2,8
423874,3,2,9
423874,3,3,8
423874,3,3,3
423874,3,3,6
423874,3,3,9
423874,3,4,1
423874,3,5,8
423874,3,5,3
423874,3,5,1
423874,3,5,9
423874,3,6,0
423874,3,6,2
423874,3,6,5
423874,3,6,8
423874,3,7,0
423874,3,7,2
423874,3,7,3
423874,3,7,9
423874,3,8,9
423874,3,8,4
423874,3,8,5
423874,3,8,8
423874,3,9,4
423874,3,9,5
423874,3,9,8
423874,3,9,9
423874,3,10,1
423874,3,10,3
423874,3,10,5
423874,3,10,8
423874,3,11,0
423874,3,11,2
423874,3,11,3
423874,3,11,4
423874,3,12,2
423874,3,12,8
423874,3,12,4
423874,3,12,7
423874,3,13,6
423874,3,14,0
423874,3,14,6
423874,3,15,0
423874,3,15,2
423874,3,15,6
423874,3,15,8
423874,3,16,2
423874,3,16,5
423874,3,16,8
423874,3,16,9
423874,3,17,0
423874,3,17,2
423874,3,17,7
423874,3,17,9
423874,3,18,1
423874,3,18,7
423874,3,18,6
423874,3,18,9
423874,3,19,4
423874,3,19,6
423874,3,20,0
423874,3,20,2
423874,3,20,6
423874,3,20,7
423874,3,21,3
423874,3,21,5
423874,3,21,6
423874,3,21,7
423874,3,22,1
423874,3,22,3
423874,3,22,5
423874,3,22,7
423874,3,23,1
423874,3,23,4
423874,3,23,5
423874,3,23,7
423874,3,24,0
423874,3,24,2
423874,3,24,3
423874,3,24,7
423874,3,25,0
423874,3,25,1
423874,3,25,4
423874,3,25,7
423874,3,26,3
423874,3,26,5
423874,3,26,6
423874,3,26,9
423874,3,27,1
423874,3,27,3
423874,3,27,5
423874,3,27,8
423874,3,28,0
423874,3,28,3
423874,3,28,5
423874,3,28,9
423874,3,29,0
423874,3,29,3
423874,3,29,4
423874,3,29,7
423874,3,30,4
423874,3,30,5
423874,3,30,6
423874,3,30,7
423874,3,31,2
423874,3,31,4
423874,3,31,5
423874,3,31,7
423874,3,32,1
423874,3,32,2
423874,3,32,4
423874,3,32,6
423874,3,33,1
423874,3,33,2
423874,3,33,3
423874,3,33,4
423874,4,0,1
423874,4,0,8
423874,4,0,5
423874,4,0,9
423874,4,1,1
423874,4,1,4
423874,4,1,9
423874,4,1,8
423874,4,2,3
423874,4,2,8
423874,4,2,5
423874,4,2,6
423874,4,3,1
423874,4,3,8
423874,4,3,7
423874,4,3,9
423874,4,4,1
423874,4,5,1
423874,4,5,8
423874,4,5,5
423874,4,5,9
423874,4,6,1
423874,4,6,4
423874,4,6,7
423874,4,6,9
423874,4,7,2
423874,4,7,4
423874,4,7,6
423874,4,7,9
423874,4,8,9
423874,4,8,2
423874,4,8,4
423874,4,8,7
423874,4,9,1
423874,4,9,3
423874,4,9,6
423874,4,9,7
423874,4,10,1
423874,4,10,2
423874,4,10,3
423874,4,10,7
423874,4,11,2
423874,4,11,3
423874,4,11,4
423874,4,11,7
423874,4,12,1
423874,4,12,2
423874,4,12,7
423874,4,12,8
423874,4,13,6
423874,4,14,0
423874,4,14,6
423874,4,15,0
423874,4,15,1
423874,4,15,2
423874,4,15,8
423874,4,16,3
423874,4,16,4
423874,4,16,5
423874,4,16,6
423874,4,17,0
423874,4,17,2
423874,4,17,5
423874,4,17,8
423874,4,18,0
423874,4,18,5
423874,4,18,6
423874,4,18,9
423874,4,19,6
423874,4,20,2
423874,4,20,3
423874,4,20,4
423874,4,20,8
423874,4,21,0
423874,4,21,3
423874,4,21,4
423874,4,21,9
423874,4,22,0
423874,4,22,5
423874,4,22,8
423874,4,22,9
423874,4,23,0
423874,4,23,2
423874,4,23,5
423874,4,23,6
423874,4,24,0
423874,4,24,1
423874,4,24,3
423874,4,24,8
423874,4,25,0
423874,4,25,1
423874,4,25,5
423874,4,25,6
423874,4,26,3
423874,4,26,4
423874,4,26,5
423874,4,26,6
423874,4,27,0
423874,4,27,2
423874,4,27,3
423874,4,27,5
423874,4,28,3
423874,4,28,4
423874,4,28,5
423874,4,28,7
423874,4,29,3
423874,4,29,4
423874,4,29,5
423874,4,29,9
423874,4,30,2
423874,4,30,3
423874,4,30,7
423874,4,30,9
423874,4,31,0
423874,4,31,2
423874,4,31,7
423874,4,31,9
423874,4,32,0
423874,4,32,2
423874,4,32,6
423874,4,32,7
423874,4,33,0
423874,4,33,4
423874,4,33,7
423874,4,33,8
seed,day,time,participant
2635142,0,0,1
2635142,0,0,4
2635142,0,0,7
2635142,0,0,9
2635142,0,1,9
2635142,0,1,4
2635142,0,1,6
2635142,0,1,1
2635142,0,2,4
2635142,0,2,5
2635142,0,2,6
2635142,0,2,9
2635142,0,3,0
2635142,0,3,1
2635142,0,3,3
2635142,0,3,9
2635142,0,4,1
2635142,0,5,1
2635142,0,5,2
2635142,0,5,3
2635142,0,5,9
2635142,0,6,2
2635142,0,6,0
2635142,0,6,9
2635142,0,6,1
2635142,0,7,2
2635142,0,7,4
2635142,0,7,5
2635142,0,7,3
2635142,0,8,0
2635142,0,8,2
2635142,0,8,4
2635142,0,8,5
2635142,0,9,3
2635142,0,9,4
2635142,0,9,6
2635142,0,9,7
2635142,0,10,1
2635142,0,10,2
2635142,0,10,7
2635142,0,10,8
2635142,0,11,0
2635142,0,11,1
2635142,0,11,4
2635142,0,11,7
2635142,0,12,0
2635142,0,12,2
2635142,0,12,7
2635142,0,12,4
2635142,0,13,0
2635142,0,14,1
2635142,0,14,6
2635142,0,15,1
2635142,0,15,3
2635142,0,15,4
2635142,0,15,7
2635142,0,16,0
2635142,0,16,3
2635142,0,16,5
2635142,0,16,8
2635142,0,17,1
2635142,0,17,4
2635142,0,17,7
2635142,0,17,8
2635142,0,18,4
2635142,0,18,5
2635142,0,18,6
2635142,0,18,7
2635142,0,19,6
2635142,0,20,0
2635142,0,20,3
2635142,0,20,5
2635142,0,20,9
2635142,0,21,1
2635142,0,21,3
2635142,0,21,6
2635142,0,21,8
2635142,0,22,2
2635142,0,22,5
2635142,0,22,7
2635142,0,22,8
2635142,0,23,6
2635142,0,23,7
2635142,0,23,8
2635142,0,23,9
2635142,0,24,1
2635142,0,24,5
2635142,0,24,7
2635142,0,24,8
2635142,0,25,0
2635142,0,25,3
2635142,0,25,5
2635142,0,25,8
2635142,0,26,2
2635142,0,26,6
2635142,0,26,8
2635142,0,26,9
2635142,0,27,2
2635142,0,27,4
2635142,0,27,6
2635142,0,27,9
2635142,0,28,0
2635142,0,28,5
2635142,0,28,6
2635142,0,28,9
2635142,0,29,0
2635142,0,29,5
2635142,0,29,7
2635142,0,29,8
2635142,0,30,2
2635142,0,30,6
2635142,0,30,8
2635142,0,30,9
2635142,0,31,0
2635142,0,31,2
2635142,0,31,3
2635142,0,31,5
2635142,0,32,2
2635142,0,32,3
2635142,0,32,8
2635142,0,32,9
2635142,0,33,0
2635142,0,33,3
2635142,0,33,4
2635142,0,33,7
2635142,1,0,6
2635142,1,0,5
2635142,1,0,7
2635142,1,0,9
2635142,1,1,0
2635142,1,1,3
2635142,1,1,5
2635142,1,1,9
2635142,1,2,3
2635142,1,2,5
2635142,1,2,6
2635142,1,2,9
2635142,1,3,0
2635142,1,3,5
2635142,1,3,6
2635142,1,3,9
2635142,1,4,1
2635142,1,5,1
2635142,1,5,5
2635142,1,5,7
2635142,1,5,9
2635142,1,6,0
2635142,1,6,1
2635142,1,6,5
2635142,1,6,7
2635142,1,7,0
2635142,1,7,2
2635142,1,7,5
2635142,1,7,9
2635142,1,8,2
2635142,1,8,0
2635142,1,8,5
2635142,1,8,7
2635142,1,9,0
2635142,1,9,1
2635142,1,9,2
2635142,1,9,4
2635142,1,10,2
2635142,1,10,3
2635142,1,10,5
2635142,1,10,9
2635142,1,11,2
2635142,1,11,3
2635142,1,11,4
2635142,1,11,9
2635142,1,12,3
2635142,1,12,5
2635142,1,12,8
2635142,1,12,9
2635142,1,13,4
2635142,1,14,4
2635142,1,14,6
2635142,1,15,2
2635142,1,15,6
2635142,1,15,7
2635142,1,15,9
2635142,1,16,6
2635142,1,16,3
2635142,1,16,7
2635142,1,16,8
2635142,1,17,3
2635142,1,17,4
2635142,1,17,7
2635142,1,17,8
2635142,1,18,0
2635142,1,18,1
2635142,1,18,3
2635142,1,18,8
2635142,1,19,0
2635142,1,19,4
2635142,1,20,1
2635142,1,20,6
2635142,1,20,7
2635142,1,20,8
2635142,1,21,0
2635142,1,21,1
2635142,1,21,2
2635142,1,21,9
2635142,1,22,2
2635142,1,22,4
2635142,1,22,6
2635142,1,22,7
2635142,1,23,2
2635142,1,23,3
2635142,1,23,7
2635142,1,23,8
2635142,1,24,0
2635142,1,24,4
2635142,1,24,5
2635142,1,24,8
2635142,1,25,0
2635142,1,25,2
2635142,1,25,3
2635142,1,25,7
2635142,1,26,4
2635142,1,26,6
2635142,1,26,7
2635142,1,26,8
2635142,1,27,4
2635142,1,27,5
2635142,1,27,7
2635142,1,27,8
2635142,1,28,1
2635142,1,28,4
2635142,1,28,6
2635142,1,28,9
2635142,1,29,1
2635142,1,29,4
2635142,1,29,6
2635142,1,29,8
2635142,1,30,1
2635142,1,30,3
2635142,1,30,8
2635142,1,30,9
2635142,1,31,1
2635142,1,31,3
2635142,1,31,4
2635142,1,31,8
2635142,1,32,0
2635142,1,32,1
2635142,1,32,2
2635142,1,32,8
2635142,1,33,0
2635142,1,33,1
2635142,1,33,2
2635142,1,33,6
2635142,2,0,4
2635142,2,0,6
2635142,2,0,8
2635142,2,0,5
2635142,2,1,5
2635142,2,1,6
2635142,2,1,7
2635142,2,1,8
2635142,2,2,1
2635142,2,2,5
2635142,2,2,6
2635142,2,2,8
2635142,2,3,0
2635142,2,3,2
2635142,2,3,6
2635142,2,3,5
2635142,2,4,1
2635142,2,5,2
2635142,2,5,3
2635142,2,5,7
2635142,2,5,8
2635142,2,6,0
2635142,2,6,1
2635142,2,6,7
2635142,2,6,4
2635142,2,7,0
2635142,2,7,2
2635142,2,7,4
2635142,2,7,9
2635142,2,8,0
2635142,2,8,4
2635142,2,8,6
2635142,2,8,9
2635142,2,9,0
2635142,2,9,2
2635142,2,9,3
2635142,2,9,8
2635142,2,10,2
2635142,2,10,7
2635142,2,10,8
2635142,2,10,9
2635142,2,11,2
2635142,2,11,3
2635142,2,11,7
2635142,2,11,0
2635142,2,12,0
2635142,2,12,3
2635142,2,12,6
2635142,2,12,9
2635142,2,13,0
2635142,2,14,0
2635142,2,14,4
2635142,2,15,4
2635142,2,15,5
2635142,2,15,8
2635142,2,15,9
2635142,2,16,0
2635142,2,16,1
2635142,2,16,6
2635142,2,16,8
2635142,2,17,3
2635142,2,17,4
2635142,2,17,5
2635142,2,17,7
2635142,2,18,3
2635142,2,18,6
2635142,2,18,7
2635142,2,18,8
2635142,2,19,4
2635142,2,19,6
2635142,2,20,1
2635142,2,20,3
2635142,2,20,4
2635142,2,20,9
2635142,2,21,0
2635142,2,21,4
2635142,2,21,6
2635142,2,21,7
2635142,2,22,0
2635142,2,22,1
2635142,2,22,5
2635142,2,22,9
2635142,2,23,2
2635142,2,23,3
2635142,2,23,8
2635142,2,23,9
2635142,2,24,1
2635142,2,24,2
2635142,2,24,7
2635142,2,24,8
2635142,2,25,2
2635142,2,25,3
2635142,2,25,4
2635142,2,25,9
2635142,2,26,0
2635142,2,26,1
2635142,2,26,3
2635142,2,26,6
2635142,2,27,1
2635142,2,27,3
2635142,2,27,5
2635142,2,27,9
2635142,2,28,2
2635142,2,28,6
2635142,2,28,8
2635142,2,28,9
2635142,2,29,1
2635142,2,29,5
2635142,2,29,7
2635142,2,29,9
2635142,2,30,1
2635142,2,30,4
2635142,2,30,5
2635142,2,30,7
2635142,2,31,1
2635142,2,31,2
2635142,2,31,5
2635142,2,31,7
2635142,2,32,3
2635142,2,32,4
2635142,2,32,7
2635142,2,32,8
2635142,2,33,1
2635142,2,33,2
2635142,2,33,5
2635142,2,33,9
2635142,3,0,0
2635142,3,0,2
2635142,3,0,8
2635142,3,0,3
2635142,3,1,3
2635142,3,1,1
2635142,3,1,6
2635142,3,1,0
2635142,3,2,1
2635142,3,2,3
2635142,3,2,6
2635142,3,2,8
2635142,3,3,0
2635142,3,3,1
2635142,3,3,2
2635142,3,3,9
2635142,3,4,1
2635142,3,5,3
2635142,3,5,1
2635142,3,5,8
2635142,3,5,9
2635142,3,6,0
2635142,3,6,3
2635142,3,6,4
2635142,3,6,9
2635142,3,7,0
2635142,3,7,2
2635142,3,7,3
2635142,3,7,5
2635142,3,8,0
2635142,3,8,2
2635142,3,8,4
2635142,3,8,9
2635142,3,9,1
2635142,3,9,2
2635142,3,9,4
2635142,3,9,8
2635142,3,10,3
2635142,3,10,1
2635142,3,10,8
2635142,3,10,9
2635142,3,11,0
2635142,3,11,3
2635142,3,11,4
2635142,3,11,5
2635142,3,12,2
2635142,3,12,4
2635142,3,12,7
2635142,3,12,9
2635142,3,13,4
2635142,3,14,0
2635142,3,14,6
2635142,3,15,0
2635142,3,15,7
2635142,3,15,4
2635142,3,15,9
2635142,3,16,3
2635142,3,16,4
2635142,3,16,5
2635142,3,16,7
2635142,3,17,2
2635142,3,17,4
2635142,3,17,5
2635142,3,17,7
2635142,3,18,7
2635142,3,18,4
2635142,3,18,8
2635142,3,18,9
2635142,3,19,1
2635142,3,19,6
2635142,3,20,0
2635142,3,20,1
2635142,3,20,5
2635142,3,20,7
2635142,3,21,7
2635142,3,21,4
2635142,3,21,6
2635142,3,21,9
2635142,3,22,0
2635142,3,22,2
2635142,3,22,7
2635142,3,22,5
2635142,3,23,6
2635142,3,23,7
2635142,3,23,8
2635142,3,23,9
2635142,3,24,2
2635142,3,24,5
2635142,3,24,7
2635142,3,24,8
2635142,3,25,3
2635142,3,25,6
2635142,3,25,7
2635142,3,25,8
2635142,3,26,1
2635142,3,26,7
2635142,3,26,5
2635142,3,26,6
2635142,3,27,1
2635142,3,27,4
2635142,3,27,5
2635142,3,27,8
2635142,3,28,1
2635142,3,28,2
2635142,3,28,5
2635142,3,28,8
2635142,3,29,2
2635142,3,29,4
2635142,3,29,6
2635142,3,29,9
2635142,3,30,7
2635142,3,30,6
2635142,3,30,8
2635142,3,30,9
2635142,3,31,2
2635142,3,31,3
2635142,3,31,5
2635142,3,31,6
2635142,3,32,0
2635142,3,32,1
2635142,3,32,3
2635142,3,32,5
2635142,3,33,0
2635142,3,33,6
2635142,3,33,8
2635142,3,33,9
2635142,4,0,1
2635142,4,0,8
2635142,4,0,3
2635142,4,0,5
2635142,4,1,1
2635142,4,1,3
2635142,4,1,8
2635142,4,1,9
2635142,4,2,3
2635142,4,2,1
2635142,4,2,8
2635142,4,2,7
2635142,4,3,1
2635142,4,3,8
2635142,4,3,5
2635142,4,3,9
2635142,4,4,1
2635142,4,5,8
2635142,4,5,5
2635142,4,5,7
2635142,4,5,9
2635142,4,6,9
2635142,4,6,2
2635142,4,6,6
2635142,4,6,7
2635142,4,7,0
2635142,4,7,2
2635142,4,7,4
2635142,4,7,7
2635142,4,8,0
2635142,4,8,4
2635142,4,8,6
2635142,4,8,7
2635142,4,9,0
2635142,4,9,2
2635142,4,9,6
2635142,4,9,3
2635142,4,10,1
2635142,4,10,2
2635142,4,10,3
2635142,4,10,7
2635142,4,11,6
2635142,4,11,1
2635142,4,11,3
2635142,4,11,4
2635142,4,12,3
2635142,4,12,4
2635142,4,12,5
2635142,4,12,7
2635142,4,13,4
2635142,4,14,6
2635142,4,14,4
2635142,4,15,3
2635142,4,15,4
2635142,4,15,5
2635142,4,15,6
2635142,4,16,0
2635142,4,16,1
2635142,4,16,2
2635142,4,16,8
2635142,4,17,0
2635142,4,17,1
2635142,4,17,8
2635142,4,17,7
2635142,4,18,2
2635142,4,18,5
2635142,4,18,6
2635142,4,18,8
2635142,4,19,4
2635142,4,20,8
2635142,4,20,5
2635142,4,20,6
2635142,4,20,7
2635142,4,21,0
2635142,4,21,1
2635142,4,21,5
2635142,4,21,9
2635142,4,22,0
2635142,4,22,1
2635142,4,22,4
2635142,4,22,9
2635142,4,23,2
2635142,4,23,5
2635142,4,23,6
2635142,4,23,7
2635142,4,24,0
2635142,4,24,2
2635142,4,24,4
2635142,4,24,5
2635142,4,25,0
2635142,4,25,2
2635142,4,25,5
2635142,4,25,9
2635142,4,26,2
2635142,4,26,3
2635142,4,26,6
2635142,4,26,7
2635142,4,27,1
2635142,4,27,3
2635142,4,27,8
2635142,4,27,9
2635142,4,28,6
2635142,4,28,7
2635142,4,28,8
2635142,4,28,9
2635142,4,29,1
2635142,4,29,3
2635142,4,29,8
2635142,4,29,9
2635142,4,30,0
2635142,4,30,4
2635142,4,30,7
2635142,4,30,9
2635142,4,31,0
2635142,4,31,3
2635142,4,31,6
2635142,4,31,9
2635142,4,32,0
2635142,4,32,2
2635142,4,32,4
2635142,4,32,9
2635142,4,33,0
2635142,4,33,2
2635142,4,33,4
2635142,4,33,5
seed,day,time,participant
8364142,0,0,8
8364142,0,0,5
8364142,0,0,4
8364142,0,0,9
8364142,0,1,2
8364142,0,1,5
8364142,0,1,3
8364142,0,1,9
8364142,0,2,1
8364142,0,2,2
8364142,0,2,4
8364142,0,2,9
8364142,0,3,2
8364142,0,3,3
8364142,0,3,5
8364142,0,3,9
8364142,0,4,1
8364142,0,5,1
8364142,0,5,2
8364142,0,5,8
8364142,0,5,9
8364142,0,6,4
8364142,0,6,5
8364142,0,6,0
8364142,0,6,9
8364142,0,7,4
8364142,0,7,2
8364142,0,7,0
8364142,0,7,8
8364142,0,8,4
8364142,0,8,0
8364142,0,8,8
8364142,0,8,9
8364142,0,9,4
8364142,0,9,1
8364142,0,9,2
8364142,0,9,8
8364142,0,10,1
8364142,0,10,3
8364142,0,10,5
8364142,0,10,7
8364142,0,11,0
8364142,0,11,1
8364142,0,11,4
8364142,0,11,2
8364142,0,12,3
8364142,0,12,5
8364142,0,12,7
8364142,0,12,8
8364142,0,13,0
8364142,0,14,4
8364142,0,14,6
8364142,0,15,0
8364142,0,15,1
8364142,0,15,3
8364142,0,15,6
8364142,0,16,0
8364142,0,16,3
8364142,0,16,6
8364142,0,16,7
8364142,0,17,0
8364142,0,17,4
8364142,0,17,6
8364142,0,17,8
8364142,0,18,1
8364142,0,18,4
8364142,0,18,5
8364142,0,18,7
8364142,0,19,6
8364142,0,20,4
8364142,0,20,5
8364142,0,20,7
8364142,0,20,8
8364142,0,21,2
8364142,0,21,5
8364142,0,21,6
8364142,0,21,8
8364142,0,22,0
8364142,0,22,5
8364142,0,22,6
8364142,0,22,9
8364142,0,23,1
8364142,0,23,2
8364142,0,23,3
8364142,0,23,6
8364142,0,24,1
8364142,0,24,3
8364142,0,24,6
8364142,0,24,7
8364142,0,25,1
8364142,0,25,5
8364142,0,25,7
8364142,0,25,8
8364142,0,26,2
8364142,0,26,6
8364142,0,26,7
8364142,0,26,9
8364142,0,27,0
8364142,0,27,4
8364142,0,27,6
8364142,0,27,7
8364142,0,28,0
8364142,0,28,3
8364142,0,28,7
8364142,0,28,8
8364142,0,29,2
8364142,0,29,4
8364142,0,29,7
8364142,0,29,9
8364142,0,30,1
8364142,0,30,2
8364142,0,30,8
8364142,0,30,9
8364142,0,31,0
8364142,0,31,1
8364142,0,31,3
8364142,0,31,7
8364142,0,32,3
8364142,0,32,6
8364142,0,32,7
8364142,0,32,9
8364142,0,33,3
8364142,0,33,5
8364142,0,33,6
8364142,0,33,8
8364142,1,0,0
8364142,1,0,2
8364142,1,0,9
8364142,1,0,6
8364142,1,1,1
8364142,1,1,6
8364142,1,1,0
8364142,1,1,5
8364142,1,2,3
8364142,1,2,0
8364142,1,2,6
8364142,1,2,8
8364142,1,3,0
8364142,1,3,6
8364142,1,3,8
8364142,1,3,9
8364142,1,4,1
8364142,1,5,1
8364142,1,5,2
8364142,1,5,7
8364142,1,5,8
8364142,1,6,0
8364142,1,6,1
8364142,1,6,4
8364142,1,6,9
8364142,1,7,2
8364142,1,7,4
8364142,1,7,5
8364142,1,7,7
8364142,1,8,2
8364142,1,8,4
8364142,1,8,5
8364142,1,8,7
8364142,1,9,2
8364142,1,9,3
8364142,1,9,7
8364142,1,9,0
8364142,1,10,1
8364142,1,10,3
8364142,1,10,5
8364142,1,10,9
8364142,1,11,3
8364142,1,11,5
8364142,1,11,7
8364142,1,11,9
8364142,1,12,0
8364142,1,12,5
8364142,1,12,3
8364142,1,12,8
8364142,1,13,6
8364142,1,14,0
8364142,1,14,6
8364142,1,15,0
8364142,1,15,3
8364142,1,15,8
8364142,1,15,9
8364142,1,16,0
8364142,1,16,2
8364142,1,16,3
8364142,1,16,6
8364142,1,17,3
8364142,1,17,6
8364142,1,17,7
8364142,1,17,8
8364142,1,18,1
8364142,1,18,2
8364142,1,18,7
8364142,1,18,8
8364142,1,19,1
8364142,1,19,4
8364142,1,20,1
8364142,1,20,2
8364142,1,20,8
8364142,1,20,9
8364142,1,21,2
8364142,1,21,3
8364142,1,21,4
8364142,1,21,6
8364142,1,22,1
8364142,1,22,3
8364142,1,22,6
8364142,1,22,8
8364142,1,23,4
8364142,1,23,6
8364142,1,23,7
8364142,1,23,8
8364142,1,24,3
8364142,1,24,4
8364142,1,24,7
8364142,1,24,9
8364142,1,25,2
8364142,1,25,4
8364142,1,25,5
8364142,1,25,7
8364142,1,26,6
8364142,1,26,7
8364142,1,26,8
8364142,1,26,9
8364142,1,27,1
8364142,1,27,4
8364142,1,27,5
8364142,1,27,8
8364142,1,28,1
8364142,1,28,4
8364142,1,28,7
8364142,1,28,9
8364142,1,29,2
8364142,1,29,3
8364142,1,29,4
8364142,1,29,5
8364142,1,30,2
8364142,1,30,4
8364142,1,30,5
8364142,1,30,9
8364142,1,31,0
8364142,1,31,5
8364142,1,31,6
8364142,1,31,7
8364142,1,32,0
8364142,1,32,1
8364142,1,32,8
8364142,1,32,9
8364142,1,33,0
8364142,1,33,1
8364142,1,33,4
8364142,1,33,5
8364142,2,0,3
8364142,2,0,4
8364142,2,0,6
8364142,2,0,1
8364142,2,1,1
8364142,2,1,2
8364142,2,1,5
8364142,2,1,6
8364142,2,2,2
8364142,2,2,4
8364142,2,2,5
8364142,2,2,3
8364142,2,3,2
8364142,2,3,6
8364142,2,3,7
8364142,2,3,1
8364142,2,4,1
8364142,2,5,1
8364142,2,5,3
8364142,2,5,5
8364142,2,5,9
8364142,2,6,1
8364142,2,6,7
8364142,2,6,8
8364142,2,6,0
8364142,2,7,2
8364142,2,7,7
8364142,2,7,8
8364142,2,7,0
8364142,2,8,0
8364142,2,8,3
8364142,2,8,7
8364142,2,8,9
8364142,2,9,3
8364142,2,9,6
8364142,2,9,7
8364142,2,9,9
8364142,2,10,3
8364142,2,10,7
8364142,2,10,8
8364142,2,10,9
8364142,2,11,2
8364142,2,11,4
8364142,2,11,6
8364142,2,11,9
8364142,2,12,0
8364142,2,12,1
8364142,2,12,2
8364142,2,12,9
8364142,2,13,6
8364142,2,14,1
8364142,2,14,4
8364142,2,15,6
8364142,2,15,7
8364142,2,15,8
8364142,2,15,9
8364142,2,16,1
8364142,2,16,3
8364142,2,16,4
8364142,2,16,9
8364142,2,17,0
8364142,2,17,1
8364142,2,17,6
8364142,2,17,8
8364142,2,18,4
8364142,2,18,5
8364142,2,18,6
8364142,2,18,7
8364142,2,19,1
8364142,2,19,4
8364142,2,20,4
8364142,2,20,5
8364142,2,20,6
8364142,2,20,8
8364142,2,21,3
8364142,2,21,5
8364142,2,21,8
8364142,2,21,9
8364142,2,22,0
8364142,2,22,1
8364142,2,22,2
8364142,2,22,7
8364142,2,23,3
8364142,2,23,7
8364142,2,23,8
8364142,2,23,9
8364142,2,24,0
8364142,2,24,2
8364142,2,24,4
8364142,2,24,5
8364142,2,25,0
8364142,2,25,2
8364142,2,25,5
8364142,2,25,8
8364142,2,26,0
8364142,2,26,3
8364142,2,26,4
8364142,2,26,8
8364142,2,27,2
8364142,2,27,3
8364142,2,27,7
8364142,2,27,9
8364142,2,28,0
8364142,2,28,4
8364142,2,28,5
8364142,2,28,6
8364142,2,29,0
8364142,2,29,3
8364142,2,29,4
8364142,2,29,5
8364142,2,30,0
8364142,2,30,7
8364142,2,30,8
8364142,2,30,9
8364142,2,31,2
8364142,2,31,5
8364142,2,31,6
8364142,2,31,8
8364142,2,32,0
8364142,2,32,1
8364142,2,32,2
8364142,2,32,5
8364142,2,33,4
8364142,2,33,6
8364142,2,33,7
8364142,2,33,8
8364142,3,0,5
8364142,3,0,1
8364142,3,0,3
8364142,3,0,6
8364142,3,1,0
8364142,3,1,1
8364142,3,1,3
8364142,3,1,6
8364142,3,2,1
8364142,3,2,5
8364142,3,2,8
8364142,3,2,9
8364142,3,3,1
8364142,3,3,6
8364142,3,3,8
8364142,3,3,9
8364142,3,4,1
8364142,3,5,1
8364142,3,5,8
8364142,3,5,5
8364142,3,5,9
8364142,3,6,0
8364142,3,6,1
8364142,3,6,2
8364142,3,6,9
8364142,3,7,0
8364142,3,7,2
8364142,3,7,8
8364142,3,7,9
8364142,3,8,3
8364142,3,8,4
8364142,3,8,5
8364142,3,8,8
8364142,3,9,0
8364142,3,9,2
8364142,3,9,3
8364142,3,9,5
8364142,3,10,1
8364142,3,10,5
8364142,3,10,8
8364142,3,10,9
8364142,3,11,2
8364142,3,11,3
8364142,3,11,5
8364142,3,11,8
8364142,3,12,0
8364142,3,12,2
8364142,3,12,5
8364142,3,12,7
8364142,3,13,0
8364142,3,14,0
8364142,3,14,6
8364142,3,15,2
8364142,3,15,4
8364142,3,15,6
8364142,3,15,7
8364142,3,16,4
8364142,3,16,5
8364142,3,16,7
8364142,3,16,8
8364142,3,17,0
8364142,3,17,5
8364142,3,17,7
8364142,3,17,9
8364142,3,18,0
8364142,3,18,2
8364142,3,18,4
8364142,3,18,6
8364142,3,19,0
8364142,3,19,4
8364142,3,20,1
8364142,3,20,3
8364142,3,20,4
8364142,3,20,7
8364142,3,21,1
8364142,3,21,4
8364142,3,21,6
8364142,3,21,9
8364142,3,22,4
8364142,3,22,5
8364142,3,22,6
8364142,3,22,8
8364142,3,23,2
8364142,3,23,6
8364142,3,23,7
8364142,3,23,9
8364142,3,24,3
8364142,3,24,5
8364142,3,24,7
8364142,3,24,9
8364142,3,25,0
8364142,3,25,1
8364142,3,25,7
8364142,3,25,4
8364142,3,26,3
8364142,3,26,4
8364142,3,26,7
8364142,3,26,8
8364142,3,27,2
8364142,3,27,3
8364142,3,27,6
8364142,3,27,9
8364142,3,28,1
8364142,3,28,4
8364142,3,28,7
8364142,3,28,8
8364142,3,29,0
8364142,3,29,2
8364142,3,29,4
8364142,3,29,6
8364142,3,30,2
8364142,3,30,3
8364142,3,30,7
8364142,3,30,8
8364142,3,31,2
8364142,3,31,3
8364142,3,31,4
8364142,3,31,7
8364142,3,32,1
8364142,3,32,3
8364142,3,32,6
8364142,3,32,7
8364142,3,33,0
8364142,3,33,6
8364142,3,33,8
8364142,3,33,9
8364142,4,0,1
8364142,4,0,3
8364142,4,0,6
8364142,4,0,2
8364142,4,1,2
8364142,4,1,6
8364142,4,1,3
8364142,4,1,8
8364142,4,2,0
8364142,4,2,2
8364142,4,2,8
8364142,4,2,9
8364142,4,3,8
8364142,4,3,5
8364142,4,3,6
8364142,4,3,9
8364142,4,4,1
8364142,4,5,1
8364142,4,5,5
8364142,4,5,8
8364142,4,5,9
8364142,4,6,0
8364142,4,6,1
8364142,4,6,2
8364142,4,6,6
8364142,4,7,2
8364142,4,7,4
8364142,4,7,7
8364142,4,7,9
8364142,4,8,2
8364142,4,8,4
8364142,4,8,7
8364142,4,8,9
8364142,4,9,1
8364142,4,9,3
8364142,4,9,4
8364142,4,9,6
8364142,4,10,1
8364142,4,10,2
8364142,4,10,3
8364142,4,10,7
8364142,4,11,0
8364142,4,11,1
8364142,4,11,3
8364142,4,11,7
8364142,4,12,1
8364142,4,12,4
8364142,4,12,7
8364142,4,12,8
8364142,4,13,4
8364142,4,14,1
8364142,4,14,4
8364142,4,15,0
8364142,4,15,1
8364142,4,15,3
8364142,4,15,8
8364142,4,16,1
8364142,4,16,5
8364142,4,16,6
8364142,4,16,7
8364142,4,17,0
8364142,4,17,8
8364142,4,17,5
8364142,4,17,1
8364142,4,18,0
8364142,4,18,5
8364142,4,18,6
8364142,4,18,9
8364142,4,19,4
8364142,4,20,1
8364142,4,20,6
8364142,4,20,7
8364142,4,20,8
8364142,4,21,0
8364142,4,21,2
8364142,4,21,4
8364142,4,21,8
8364142,4,22,2
8364142,4,22,4
8364142,4,22,5
8364142,4,22,6
8364142,4,23,0
8364142,4,23,5
8364142,4,23,7
8364142,4,23,9
8364142,4,24,3
8364142,4,24,5
8364142,4,24,6
8364142,4,24,9
8364142,4,25,2
8364142,4,25,4
8364142,4,25,7
8364142,4,25,9
8364142,4,26,0
8364142,4,26,3
8364142,4,26,6
8364142,4,26,7
8364142,4,27,0
8364142,4,27,3
8364142,4,27,4
8364142,4,27,7
8364142,4,28,4
8364142,4,28,5
8364142,4,28,8
8364142,4,28,9
8364142,4,29,0
8364142,4,29,3
8364142,4,29,5
8364142,4,29,8
8364142,4,30,0
8364142,4,30,5
8364142,4,30,6
8364142,4,30,8
8364142,4,31,2
8364142,4,31,3
8364142,4,31,6
8364142,4,31,9
8364142,4,32,3
8364142,4,32,4
8364142,4,32,7
8364142,4,32,9
8364142,4,33,2
8364142,4,33,5
8364142,4,33,7
8364142,4,33,8
seed,day,time,participant
9473625,0,0,5
9473625,0,0,2
9473625,0,0,1
9473625,0,0,9
9473625,0,1,4
9473625,0,1,6
9473625,0,1,2
9473625,0,1,9
9473625,0,2,4
9473625,0,2,3
9473625,0,2,8
9473625,0,2,9
9473625,0,3,0
9473625,0,3,2
9473625,0,3,3
9473625,0,3,6
9473625,0,4,1
9473625,0,5,3
9473625,0,5,1
9473625,0,5,7
9473625,0,5,9
9473625,0,6,2
9473625,0,6,0
9473625,0,6,6
9473625,0,6,7
9473625,0,7,5
9473625,0,7,6
9473625,0,7,7
9473625,0,7,0
9473625,0,8,6
9473625,0,8,0
9473625,0,8,7
9473625,0,8,9
9473625,0,9,2
9473625,0,9,5
9473625,0,9,6
9473625,0,9,8
9473625,0,10,2
9473625,0,10,3
9473625,0,10,7
9473625,0,10,8
9473625,0,11,1
9473625,0,11,2
9473625,0,11,4
9473625,0,11,8
9473625,0,12,2
9473625,0,12,4
9473625,0,12,5
9473625,0,12,6
9473625,0,13,0
9473625,0,14,0
9473625,0,14,4
9473625,0,15,0
9473625,0,15,6
9473625,0,15,7
9473625,0,15,8
9473625,0,16,1
9473625,0,16,3
9473625,0,16,4
9473625,0,16,8
9473625,0,17,1
9473625,0,17,5
9473625,0,17,6
9473625,0,17,7
9473625,0,18,0
9473625,0,18,5
9473625,0,18,6
9473625,0,18,8
9473625,0,19,1
9473625,0,20,3
9473625,0,20,5
9473625,0,20,8
9473625,0,20,9
9473625,0,21,3
9473625,0,21,4
9473625,0,21,7
9473625,0,21,9
9473625,0,22,1
9473625,0,22,3
9473625,0,22,4
9473625,0,22,9
9473625,0,23,2
9473625,0,23,4
9473625,0,23,5
9473625,0,23,9
9473625,0,24,0
9473625,0,24,1
9473625,0,24,3
9473625,0,24,5
9473625,0,25,1
9473625,0,25,4
9473625,0,25,5
9473625,0,25,7
9473625,0,26,0
9473625,0,26,3
9473625,0,26,6
9473625,0,26,8
9473625,0,27,2
9473625,0,27,4
9473625,0,27,6
9473625,0,27,7
9473625,0,28,1
9473625,0,28,5
9473625,0,28,8
9473625,0,28,9
9473625,0,29,0
9473625,0,29,4
9473625,0,29,6
9473625,0,29,7
9473625,0,30,0
9473625,0,30,2
9473625,0,30,3
9473625,0,30,9
9473625,0,31,1
9473625,0,31,2
9473625,0,31,3
9473625,0,31,8
9473625,0,32,2
9473625,0,32,4
9473625,0,32,5
9473625,0,32,8
9473625,0,33,0
9473625,0,33,7
9473625,0,33,8
9473625,0,33,9
9473625,1,0,6
9473625,1,0,3
9473625,1,0,8
9473625,1,0,9
9473625,1,1,2
9473625,1,1,8
9473625,1,1,6
9473625,1,1,3
9473625,1,2,2
9473625,1,2,3
9473625,1,2,8
9473625,1,2,7
9473625,1,3,9
9473625,1,3,2
9473625,1,3,8
9473625,1,3,7
9473625,1,4,1
9473625,1,5,5
9473625,1,5,2
9473625,1,5,9
9473625,1,5,7
9473625,1,6,7
9473625,1,6,2
9473625,1,6,5
9473625,1,6,9
9473625,1,7,2
9473625,1,7,4
9473625,1,7,5
9473625,1,7,9
9473625,1,8,4
9473625,1,8,5
9473625,1,8,7
9473625,1,8,9
9473625,1,9,3
9473625,1,9,2
9473625,1,9,4
9473625,1,9,1
9473625,1,10,1
9473625,1,10,2
9473625,1,10,3
9473625,1,10,5
9473625,1,11,9
9473625,1,11,2
9473625,1,11,1
9473625,1,11,3
9473625,1,12,2
9473625,1,12,3
9473625,1,12,6
9473625,1,12,7
9473625,1,13,0
9473625,1,14,0
9473625,1,14,6
9473625,1,15,3
9473625,1,15,4
9473625,1,15,6
9473625,1,15,8
9473625,1,16,4
9473625,1,16,3
9473625,1,16,8
9473625,1,16,9
9473625,1,17,4
9473625,1,17,5
9473625,1,17,6
9473625,1,17,8
9473625,1,18,5
9473625,1,18,3
9473625,1,18,8
9473625,1,18,9
9473625,1,19,0
9473625,1,19,6
9473625,1,20,0
9473625,1,20,1
9473625,1,20,3
9473625,1,20,4
9473625,1,21,0
9473625,1,21,1
9473625,1,21,3
9473625,1,21,4
9473625,1,22,0
9473625,1,22,1
9473625,1,22,6
9473625,1,22,7
9473625,1,23,0
9473625,1,23,4
9473625,1,23,5
9473625,1,23,6
9473625,1,24,0
9473625,1,24,5
9473625,1,24,6
9473625,1,24,8
9473625,1,25,1
9473625,1,25,2
9473625,1,25,5
9473625,1,25,7
9473625,1,26,1
9473625,1,26,4
9473625,1,26,5
9473625,1,26,7
9473625,1,27,0
9473625,1,27,5
9473625,1,27,8
9473625,1,27,9
9473625,1,28,0
9473625,1,28,1
9473625,1,28,6
9473625,1,28,7
9473625,1,29,0
9473625,1,29,2
9473625,1,29,6
9473625,1,29,7
9473625,1,30,1
9473625,1,30,4
9473625,1,30,7
9473625,1,30,9
9473625,1,31,0
9473625,1,31,1
9473625,1,31,4
9473625,1,31,8
9473625,1,32,0
9473625,1,32,4
9473625,1,32,6
9473625,1,32,8
9473625,1,33,2
9473625,1,33,3
9473625,1,33,8
9473625,1,33,9
9473625,2,0,8
9473625,2,0,4
9473625,2,0,5
9473625,2,0,9
9473625,2,1,7
9473625,2,1,2
9473625,2,1,8
9473625,2,1,9
9473625,2,2,2
9473625,2,2,5
9473625,2,2,6
9473625,2,2,8
9473625,2,3,9
9473625,2,3,2
9473625,2,3,4
9473625,2,3,5
9473625,2,4,1
9473625,2,5,2
9473625,2,5,5
9473625,2,5,7
9473625,2,5,9
9473625,2,6,2
9473625,2,6,4
9473625,2,6,6
9473625,2,6,9
9473625,2,7,2
9473625,2,7,4
9473625,2,7,7
9473625,2,7,9
9473625,2,8,2
9473625,2,8,7
9473625,2,8,8
9473625,2,8,9
9473625,2,9,2
9473625,2,9,4
9473625,2,9,6
9473625,2,9,8
9473625,2,10,1
9473625,2,10,2
9473625,2,10,7
9473625,2,10,8
9473625,2,11,1
9473625,2,11,2
9473625,2,11,4
9473625,2,11,6
9473625,2,12,6
9473625,2,12,1
9473625,2,12,2
9473625,2,12,8
9473625,2,13,0
9473625,2,14,0
9473625,2,14,1
9473625,2,15,0
9473625,2,15,9
9473625,2,15,4
9473625,2,15,6
9473625,2,16,0
9473625,2,16,3
9473625,2,16,6
9473625,2,16,8
9473625,2,17,3
9473625,2,17,4
9473625,2,17,7
9473625,2,17,8
9473625,2,18,0
9473625,2,18,3
9473625,2,18,6
9473625,2,18,7
9473625,2,19,0
9473625,2,19,4
9473625,2,20,0
9473625,2,20,3
9473625,2,20,4
9473625,2,20,7
9473625,2,21,0
9473625,2,21,1
9473625,2,21,2
9473625,2,21,7
9473625,2,22,0
9473625,2,22,1
9473625,2,22,3
9473625,2,22,5
9473625,2,23,3
9473625,2,23,4
9473625,2,23,6
9473625,2,23,7
9473625,2,24,3
9473625,2,24,5
9473625,2,24,8
9473625,2,24,9
9473625,2,25,0
9473625,2,25,1
9473625,2,25,3
9473625,2,25,8
9473625,2,26,0
9473625,2,26,3
9473625,2,26,5
9473625,2,26,8
9473625,2,27,1
9473625,2,27,5
9473625,2,27,6
9473625,2,27,8
9473625,2,28,1
9473625,2,28,2
9473625,2,28,6
9473625,2,28,9
9473625,2,29,1
9473625,2,29,3
9473625,2,29,4
9473625,2,29,5
9473625,2,30,0
9473625,2,30,4
9473625,2,30,6
9473625,2,30,9
9473625,2,31,0
9473625,2,31,3
9473625,2,31,5
9473625,2,31,7
9473625,2,32,3
9473625,2,32,5
9473625,2,32,6
9473625,2,32,9
9473625,2,33,1
9473625,2,33,3
9473625,2,33,5
9473625,2,33,7
9473625,3,0,1
9473625,3,0,2
9473625,3,0,6
9473625,3,0,9
9473625,3,1,1
9473625,3,1,6
9473625,3,1,5
9473625,3,1,9
9473625,3,2,1
9473625,3,2,5
9473625,3,2,8
9473625,3,2,9
9473625,3,3,1
9473625,3,3,5
9473625,3,3,6
9473625,3,3,9
9473625,3,4,1
9473625,3,5,1
9473625,3,5,3
9473625,3,5,8
9473625,3,5,9
9473625,3,6,1
9473625,3,6,3
9473625,3,6,4
9473625,3,6,9
9473625,3,7,0
9473625,3,7,4
9473625,3,7,8
9473625,3,7,9
9473625,3,8,2
9473625,3,8,3
9473625,3,8,4
9473625,3,8,8
9473625,3,9,3
9473625,3,9,4
9473625,3,9,5
9473625,3,9,8
9473625,3,10,1
9473625,3,10,3
9473625,3,10,5
9473625,3,10,8
9473625,3,11,0
9473625,3,11,1
9473625,3,11,3
9473625,3,11,4
9473625,3,12,3
9473625,3,12,4
9473625,3,12,7
9473625,3,12,9
9473625,3,13,6
9473625,3,14,4
9473625,3,14,6
9473625,3,15,6
9473625,3,15,2
9473625,3,15,7
9473625,3,15,8
9473625,3,16,6
9473625,3,16,3
9473625,3,16,7
9473625,3,16,8
9473625,3,17,2
9473625,3,17,5
9473625,3,17,7
9473625,3,17,8
9473625,3,18,0
9473625,3,18,2
9473625,3,18,7
9473625,3,18,8
9473625,3,19,0
9473625,3,19,4
9473625,3,20,0
9473625,3,20,2
9473625,3,20,5
9473625,3,20,9
9473625,3,21,2
9473625,3,21,4
9473625,3,21,7
9473625,3,21,8
9473625,3,22,2
9473625,3,22,3
9473625,3,22,7
9473625,3,22,9
9473625,3,23,0
9473625,3,23,2
9473625,3,23,5
9473625,3,23,6
9473625,3,24,0
9473625,3,24,4
9473625,3,24,7
9473625,3,24,8
9473625,3,25,2
9473625,3,25,7
9473625,3,25,5
9473625,3,25,6
9473625,3,26,1
9473625,3,26,3
9473625,3,26,5
9473625,3,26,9
9473625,3,27,0
9473625,3,27,1
9473625,3,27,6
9473625,3,27,7
9473625,3,28,0
9473625,3,28,2
9473625,3,28,3
9473625,3,28,9
9473625,3,29,0
9473625,3,29,1
9473625,3,29,7
9473625,3,29,8
9473625,3,30,0
9473625,3,30,3
9473625,3,30,4
9473625,3,30,7
9473625,3,31,0
9473625,3,31,2
9473625,3,31,3
9473625,3,31,6
9473625,3,32,0
9473625,3,32,4
9473625,3,32,5
9473625,3,32,6
9473625,3,33,2
9473625,3,33,4
9473625,3,33,5
9473625,3,33,6
9473625,4,0,4
9473625,4,0,9
9473625,4,0,1
9473625,4,0,8
9473625,4,1,2
9473625,4,1,4
9473625,4,1,5
9473625,4,1,8
9473625,4,2,1
9473625,4,2,8
9473625,4,2,3
9473625,4,2,5
9473625,4,3,2
9473625,4,3,7
9473625,4,3,8
9473625,4,3,9
9473625,4,4,1
9473625,4,5,2
9473625,4,5,5
9473625,4,5,7
9473625,4,5,8
9473625,4,6,1
9473625,4,6,2
9473625,4,6,7
9473625,4,6,9
9473625,4,7,2
9473625,4,7,4
9473625,4,7,6
9473625,4,7,9
9473625,4,8,0
9473625,4,8,4
9473625,4,8,7
9473625,4,8,9
9473625,4,9,0
9473625,4,9,1
9473625,4,9,2
9473625,4,9,6
9473625,4,10,1
9473625,4,10,2
9473625,4,10,3
9473625,4,10,7
9473625,4,11,0
9473625,4,11,1
9473625,4,11,6
9473625,4,11,7
9473625,4,12,0
9473625,4,12,1
9473625,4,12,2
9473625,4,12,3
9473625,4,13,6
9473625,4,14,1
9473625,4,14,4
9473625,4,15,0
9473625,4,15,4
9473625,4,15,5
9473625,4,15,8
9473625,4,16,0
9473625,4,16,3
9473625,4,16,5
9473625,4,16,8
9473625,4,17,0
9473625,4,17,1
9473625,4,17,5
9473625,4,17,7
9473625,4,18,9
9473625,4,18,2
9473625,4,18,5
9473625,4,18,7
9473625,4,19,4
9473625,4,20,5
9473625,4,20,7
9473625,4,20,8
9473625,4,20,9
9473625,4,21,0
9473625,4,21,2
9473625,4,21,3
9473625,4,21,9
9473625,4,22,3
9473625,4,22,4
9473625,4,22,6
9473625,4,22,8
9473625,4,23,0
9473625,4,23,2
9473625,4,23,4
9473625,4,23,5
9473625,4,24,0
9473625,4,24,2
9473625,4,24,3
9473625,4,24,6
9473625,4,25,0
9473625,4,25,4
9473625,4,25,6
9473625,4,25,7
9473625,4,26,3
9473625,4,26,5
9473625,4,26,6
9473625,4,26,8
9473625,4,27,3
9473625,4,27,6
9473625,4,27,7
9473625,4,27,9
9473625,4,28,0
9473625,4,28,3
9473625,4,28,4
9473625,4,28,6
9473625,4,29,1
9473625,4,29,6
9473625,4,29,7
9473625,4,29,8
9473625,4,30,2
9473625,4,30,3
9473625,4,30,5
9473625,4,30,8
9473625,4,31,1
9473625,4,31,4
9473625,4,31,8
9473625,4,31,9
9473625,4,32,4
9473625,4,32,5
9473625,4,32,6
9473625,4,32,9
9473625,4,33,0
9473625,4,33,3
9473625,4,33,6
9473625,4,33,9
