seed,iteration,equity
0,0,571.4
0,1,542.6
0,2,514.1999999999999
0,3,491.0
0,4,467.8
0,5,446.6
0,6,425.4
0,7,404.6
0,8,385.4
0,9,365.40000000000003
0,10,347.8
0,11,330.59999999999997
0,12,314.59999999999997
0,13,299.4
0,14,284.2
0,15,269.8
0,16,256.20000000000005
0,17,243.00000000000003
0,18,230.20000000000002
0,19,218.2
0,20,206.6
0,21,195.0
0,22,184.6
0,23,173.40000000000003
0,24,163.00000000000003
0,25,153.8
0,26,144.6
0,27,136.59999999999997
0,28,127.8
0,29,119.8
0,30,112.19999999999999
0,31,105.80000000000001
0,32,100.19999999999999
0,33,93.79999999999998
0,34,88.59999999999997
0,35,83.39999999999998
0,36,78.20000000000002
0,37,73.0
0,38,68.2
0,39,63.800000000000004
0,40,59.40000000000001
0,41,55.40000000000001
0,42,51.40000000000001
0,43,47.800000000000004
0,44,44.20000000000001
0,45,41.00000000000001
0,46,38.199999999999996
0,47,34.6
0,48,32.2
0,49,28.999999999999996
0,50,26.599999999999998
0,51,23.399999999999995
0,52,21.399999999999995
0,53,17.4
0,54,15.399999999999997
0,55,13.799999999999997
0,56,13.399999999999997
0,57,13.399999999999997
0,58,13.399999999999997
0,59,13.399999999999997
0,60,13.399999999999997
0,61,13.399999999999997
0,62,13.399999999999997
0,63,13.399999999999997
0,64,13.399999999999997
0,65,13.399999999999997
0,66,13.399999999999997
0,67,13.399999999999997
0,68,13.399999999999997
0,69,13.399999999999997
0,70,13.399999999999997
0,71,13.399999999999997
0,72,13.399999999999997
0,73,13.399999999999997
0,74,13.399999999999997
0,75,13.399999999999997
0,76,13.399999999999997
0,77,13.399999999999997
0,78,13.399999999999997
0,79,13.399999999999997
0,80,13.399999999999997
0,81,13.399999999999997
0,82,13.399999999999997
0,83,13.399999999999997
0,84,13.399999999999997
0,85,13.399999999999997
0,86,13.399999999999997
0,87,13.399999999999997
0,88,13.399999999999997
0,89,13.399999999999997
0,90,13.399999999999997
0,91,13.399999999999997
0,92,13.399999999999997
0,93,13.399999999999997
0,94,13.399999999999997
0,95,13.399999999999997
0,96,13.399999999999997
0,97,13.399999999999997
0,98,13.399999999999997
0,99,13.399999999999997
0,100,13.399999999999997
0,101,13.399999999999997
0,102,13.399999999999997
0,103,13.399999999999997
0,104,13.399999999999997
0,105,13.399999999999997
0,106,13.399999999999997
0,107,13.399999999999997
0,108,13.399999999999997
0,109,13.399999999999997
0,110,13.399999999999997
0,111,13.399999999999997
0,112,13.399999999999997
0,113,13.399999999999997
0,114,13.399999999999997
0,115,13.399999999999997
0,116,13.399999999999997
0,117,13.399999999999997
0,118,13.399999999999997
0,119,13.399999999999997
0,120,13.399999999999997
0,121,13.399999999999997
0,122,13.399999999999997
0,123,13.399999999999997
0,124,13.399999999999997
0,125,13.399999999999997
0,126,13.399999999999997
0,127,13.399999999999997
0,128,13.399999999999997
0,129,13.399999999999997
0,130,13.399999999999997
0,131,13.399999999999997
0,132,13.399999999999997
0,133,13.399999999999997
0,134,13.399999999999997
0,135,13.399999999999997
0,136,13.399999999999997
0,137,13.399999999999997
0,138,13.399999999999997
0,139,13.399999999999997
0,140,13.399999999999997
0,141,13.399999999999997
0,142,13.399999999999997
0,143,13.399999999999997
0,144,13.399999999999997
0,145,13.399999999999997
0,146,13.399999999999997
0,147,13.399999999999997
0,148,13.399999999999997
0,149,13.399999999999997
0,150,13.399999999999997
0,151,13.399999999999997
0,152,13.399999999999997
0,153,13.399999999999997
0,154,13.399999999999997
0,155,13.399999999999997
0,156,13.399999999999997
0,157,13.399999999999997
0,158,13.399999999999997
0,159,13.399999999999997
0,160,13.399999999999997
0,161,13.399999999999997
0,162,13.399999999999997
0,163,13.399999999999997
0,164,13.399999999999997
0,165,13.399999999999997
0,166,13.399999999999997
0,167,13.399999999999997
0,168,13.399999999999997
0,169,13.399999999999997
0,170,13.399999999999997
0,171,13.399999999999997
0,172,13.399999999999997
0,173,13.399999999999997
0,174,13.399999999999997
0,175,13.399999999999997
0,176,13.399999999999997
0,177,13.399999999999997
0,178,13.399999999999997
0,179,13.399999999999997
0,180,13.399999999999997
0,181,13.399999999999997
0,182,13.399999999999997
0,183,13.399999999999997
0,184,13.399999999999997
0,185,13.399999999999997
0,186,13.399999999999997
0,187,13.399999999999997
0,188,13.399999999999997
0,189,13.399999999999997
0,190,13.399999999999997
0,191,13.399999999999997
0,192,13.399999999999997
0,193,13.399999999999997
0,194,13.399999999999997
0,195,13.399999999999997
0,196,13.399999999999997
0,197,13.399999999999997
0,198,13.399999999999997
0,199,13.399999999999997
0,200,13.399999999999997
0,201,13.399999999999997
0,202,13.399999999999997
0,203,13.399999999999997
0,204,13.399999999999997
0,205,13.399999999999997
0,206,13.399999999999997
0,207,13.399999999999997
0,208,13.399999999999997
0,209,13.399999999999997
0,210,13.399999999999997
0,211,13.399999999999997
0,212,13.399999999999997
0,213,13.399999999999997
0,214,13.399999999999997
0,215,13.399999999999997
0,216,13.399999999999997
0,217,13.399999999999997
0,218,13.399999999999997
0,219,13.399999999999997
0,220,13.399999999999997
0,221,13.399999999999997
0,222,13.399999999999997
0,223,13.399999999999997
0,224,13.399999999999997
0,225,13.399999999999997
0,226,13.399999999999997
0,227,13.399999999999997
0,228,13.399999999999997
0,229,13.399999999999997
0,230,13.399999999999997
0,231,13.399999999999997
0,232,13.399999999999997
0,233,13.399999999999997
0,234,13.399999999999997
0,235,13.399999999999997
0,236,13.399999999999997
0,237,13.399999999999997
0,238,13.399999999999997
0,239,13.399999999999997
0,240,13.399999999999997
0,241,13.399999999999997
0,242,13.399999999999997
0,243,13.399999999999997
0,244,13.399999999999997
0,245,13.399999999999997
0,246,13.399999999999997
0,247,13.399999999999997
0,248,13.399999999999997
0,249,13.399999999999997
0,250,13.399999999999997
0,251,13.399999999999997
0,252,13.399999999999997
0,253,13.399999999999997
0,254,13.399999999999997
0,255,13.399999999999997
0,256,13.399999999999997
0,257,13.399999999999997
0,258,13.399999999999997
0,259,13.399999999999997
0,260,13.399999999999997
0,261,13.399999999999997
0,262,13.399999999999997
0,263,13.399999999999997
0,264,13.399999999999997
0,265,13.399999999999997
0,266,13.399999999999997
0,267,13.399999999999997
0,268,13.399999999999997
0,269,13.399999999999997
0,270,13.399999999999997
0,271,13.399999999999997
0,272,13.399999999999997
0,273,13.399999999999997
0,274,13.399999999999997
0,275,13.399999999999997
0,276,13.399999999999997
0,277,13.399999999999997
0,278,13.399999999999997
0,279,13.399999999999997
0,280,13.399999999999997
0,281,13.399999999999997
0,282,13.399999999999997
0,283,13.399999999999997
0,284,13.399999999999997
0,285,13.399999999999997
0,286,13.399999999999997
0,287,13.399999999999997
0,288,13.399999999999997
0,289,13.399999999999997
0,290,13.399999999999997
0,291,13.399999999999997
0,292,13.399999999999997
0,293,13.399999999999997
0,294,13.399999999999997
0,295,13.399999999999997
0,296,13.399999999999997
0,297,13.399999999999997
0,298,13.399999999999997
0,299,13.399999999999997
0,300,13.399999999999997
0,301,13.399999999999997
0,302,13.399999999999997
0,303,13.399999999999997
0,304,13.399999999999997
0,305,13.399999999999997
0,306,13.399999999999997
0,307,13.399999999999997
0,308,13.399999999999997
0,309,13.399999999999997
0,310,13.399999999999997
0,311,13.399999999999997
0,312,13.399999999999997
0,313,13.399999999999997
0,314,13.399999999999997
0,315,13.399999999999997
0,316,13.399999999999997
0,317,13.399999999999997
0,318,13.399999999999997
0,319,13.399999999999997
0,320,13.399999999999997
0,321,13.399999999999997
0,322,13.399999999999997
0,323,13.399999999999997
0,324,13.399999999999997
0,325,13.399999999999997
0,326,13.399999999999997
0,327,13.399999999999997
0,328,13.399999999999997
0,329,13.399999999999997
0,330,13.399999999999997
0,331,13.399999999999997
0,332,13.399999999999997
0,333,13.399999999999997
0,334,13.399999999999997
0,335,13.399999999999997
0,336,13.399999999999997
0,337,13.399999999999997
0,338,13.399999999999997
0,339,13.399999999999997
0,340,13.399999999999997
0,341,13.399999999999997
0,342,13.399999999999997
0,343,13.399999999999997
0,344,13.399999999999997
0,345,13.399999999999997
0,346,13.399999999999997
0,347,13.399999999999997
0,348,13.399999999999997
0,349,13.399999999999997
0,350,13.399999999999997
0,351,13.399999999999997
0,352,13.399999999999997
0,353,13.399999999999997
0,354,13.399999999999997
0,355,13.399999999999997
0,356,13.399999999999997
0,357,13.399999999999997
0,358,13.399999999999997
0,359,13.399999999999997
0,360,13.399999999999997
0,361,13.399999999999997
0,362,13.399999999999997
0,363,13.399999999999997
0,364,13.399999999999997
0,365,13.399999999999997
0,366,13.399999999999997
0,367,13.399999999999997
0,368,13.399999999999997
0,369,13.399999999999997
0,370,13.399999999999997
0,371,13.399999999999997
0,372,13.399999999999997
0,373,13.399999999999997
0,374,13.399999999999997
0,375,13.399999999999997
0,376,13.399999999999997
0,377,13.399999999999997
0,378,13.399999999999997
0,379,13.399999999999997
0,380,13.399999999999997
0,381,13.399999999999997
0,382,13.399999999999997
0,383,13.399999999999997
0,384,13.399999999999997
0,385,13.399999999999997
0,386,13.399999999999997
0,387,13.399999999999997
0,388,13.399999999999997
0,389,13.399999999999997
0,390,13.399999999999997
0,391,13.399999999999997
0,392,13.399999999999997
0,393,13.399999999999997
0,394,13.399999999999997
0,395,13.399999999999997
0,396,13.399999999999997
0,397,13.399999999999997
0,398,13.399999999999997
0,399,13.399999999999997
0,400,13.399999999999997
0,401,13.399999999999997
0,402,13.399999999999997
0,403,13.399999999999997
0,404,13.399999999999997
0,405,13.399999999999997
0,406,13.399999999999997
0,407,13.399999999999997
0,408,13.399999999999997
0,409,13.399999999999997
0,410,13.399999999999997
0,411,13.399999999999997
0,412,13.399999999999997
0,413,13.399999999999997
0,414,13.399999999999997
0,415,13.399999999999997
0,416,13.399999999999997
0,417,13.399999999999997
0,418,13.399999999999997
0,419,13.399999999999997
0,420,13.399999999999997
0,421,13.399999999999997
0,422,13.399999999999997
0,423,13.399999999999997
0,424,13.399999999999997
0,425,13.399999999999997
0,426,13.399999999999997
0,427,13.399999999999997
0,428,13.399999999999997
0,429,13.399999999999997
0,430,13.399999999999997
0,431,13.399999999999997
0,432,13.399999999999997
0,433,13.399999999999997
0,434,13.399999999999997
0,435,13.399999999999997
0,436,13.399999999999997
0,437,13.399999999999997
0,438,13.399999999999997
0,439,13.399999999999997
0,440,13.399999999999997
0,441,13.399999999999997
0,442,13.399999999999997
0,443,13.399999999999997
0,444,13.399999999999997
0,445,13.399999999999997
0,446,13.399999999999997
0,447,13.399999999999997
0,448,13.399999999999997
0,449,13.399999999999997
0,450,13.399999999999997
0,451,13.399999999999997
0,452,13.399999999999997
0,453,13.399999999999997
0,454,13.399999999999997
0,455,13.399999999999997
0,456,13.399999999999997
0,457,13.399999999999997
0,458,13.399999999999997
0,459,13.399999999999997
0,460,13.399999999999997
0,461,13.399999999999997
0,462,13.399999999999997
0,463,13.399999999999997
0,464,13.399999999999997
0,465,13.399999999999997
0,466,13.399999999999997
0,467,13.399999999999997
0,468,13.399999999999997
0,469,13.399999999999997
0,470,13.399999999999997
0,471,13.399999999999997
0,472,13.399999999999997
0,473,13.399999999999997
0,474,13.399999999999997
0,475,13.399999999999997
0,476,13.399999999999997
0,477,13.399999999999997
0,478,13.399999999999997
0,479,13.399999999999997
0,480,13.399999999999997
0,481,13.399999999999997
0,482,13.399999999999997
0,483,13.399999999999997
0,484,13.399999999999997
0,485,13.399999999999997
0,486,13.399999999999997
0,487,13.399999999999997
0,488,13.399999999999997
0,489,13.399999999999997
0,490,13.399999999999997
0,491,13.399999999999997
0,492,13.399999999999997
0,493,13.399999999999997
0,494,13.399999999999997
0,495,13.399999999999997
0,496,13.399999999999997
0,497,13.399999999999997
0,498,13.399999999999997
0,499,13.399999999999997
0,500,13.399999999999997
0,501,13.399999999999997
0,502,13.399999999999997
0,503,13.399999999999997
0,504,13.399999999999997
0,505,13.399999999999997
0,506,13.399999999999997
0,507,13.399999999999997
0,508,13.399999999999997
0,509,13.399999999999997
0,510,13.399999999999997
0,511,13.399999999999997
0,512,13.399999999999997
0,513,13.399999999999997
0,514,13.399999999999997
0,515,13.399999999999997
0,516,13.399999999999997
0,517,13.399999999999997
0,518,13.399999999999997
0,519,13.399999999999997
0,520,13.399999999999997
0,521,13.399999999999997
0,522,13.399999999999997
0,523,13.399999999999997
0,524,13.399999999999997
0,525,13.399999999999997
0,526,13.399999999999997
0,527,13.399999999999997
0,528,13.399999999999997
0,529,13.399999999999997
0,530,13.399999999999997
0,531,13.399999999999997
0,532,13.399999999999997
0,533,13.399999999999997
0,534,13.399999999999997
0,535,13.399999999999997
0,536,13.399999999999997
0,537,13.399999999999997
0,538,13.399999999999997
0,539,13.399999999999997
0,540,13.399999999999997
0,541,13.399999999999997
0,542,13.399999999999997
0,543,13.399999999999997
0,544,13.399999999999997
0,545,13.399999999999997
0,546,13.399999999999997
0,547,13.399999999999997
0,548,13.399999999999997
0,549,13.399999999999997
0,550,13.399999999999997
0,551,13.399999999999997
0,552,13.399999999999997
0,553,13.399999999999997
0,554,13.399999999999997
0,555,13.399999999999997
seed,iteration,equity
423874,0,851.4000000000002
423874,1,815.8000000000001
423874,2,784.2
423874,3,753.4000000000001
423874,4,723.0000000000002
423874,5,693.8
423874,6,668.5999999999999
423874,7,644.5999999999999
423874,8,621.4
423874,9,598.5999999999999
423874,10,576.9999999999999
423874,11,556.1999999999999
423874,12,535.0
423874,13,513.8
423874,14,493.0
423874,15,472.5999999999999
423874,16,454.19999999999993
423874,17,436.5999999999999
423874,18,419.00000000000006
423874,19,402.99999999999994
423874,20,387.0
423874,21,371.40000000000003
423874,22,355.80000000000007
423874,23,341.0
423874,24,325.4
423874,25,311.0
423874,26,296.6
423874,27,282.6
423874,28,269.0
423874,29,257.0
423874,30,244.99999999999997
423874,31,233.39999999999995
423874,32,220.99999999999997
423874,33,209.79999999999998
423874,34,198.99999999999997
423874,35,188.99999999999997
423874,36,179.39999999999998
423874,37,170.6
423874,38,162.2
423874,39,153.8
423874,40,146.2
423874,41,139.0
423874,42,131.79999999999998
423874,43,124.60000000000001
423874,44,117.8
423874,45,110.2
423874,46,102.99999999999999
423874,47,96.59999999999998
423874,48,89.39999999999999
423874,49,84.19999999999999
423874,50,77.80000000000001
423874,51,73.4
423874,52,69.0
423874,53,64.2
423874,54,59.80000000000001
423874,55,55.80000000000001
423874,56,51.400000000000006
423874,57,47.400000000000006
423874,58,43.4
423874,59,39.800000000000004
423874,60,36.199999999999996
423874,61,33.0
423874,62,28.999999999999996
423874,63,25.799999999999994
423874,64,22.999999999999996
423874,65,20.199999999999996
423874,66,18.999999999999996
423874,67,17.799999999999997
423874,68,16.999999999999996
423874,69,16.599999999999998
423874,70,15.799999999999997
423874,71,14.999999999999996
423874,72,14.999999999999996
423874,73,14.199999999999998
423874,74,14.199999999999998
423874,75,13.399999999999999
423874,76,13.399999999999999
423874,77,13.399999999999999
423874,78,13.399999999999999
423874,79,13.399999999999999
423874,80,13.399999999999999
423874,81,13.399999999999999
423874,82,13.399999999999999
423874,83,13.399999999999999
423874,84,13.399999999999999
423874,85,13.399999999999999
423874,86,13.399999999999999
423874,87,13.399999999999999
423874,88,13.399999999999999
423874,89,13.399999999999999
423874,90,13.399999999999999
423874,91,13.399999999999999
423874,92,13.399999999999999
423874,93,13.399999999999999
423874,94,13.399999999999999
423874,95,13.399999999999999
423874,96,13.399999999999999
423874,97,13.399999999999999
423874,98,13.399999999999999
423874,99,13.399999999999999
423874,100,13.399999999999999
423874,101,13.399999999999999
423874,102,13.399999999999999
423874,103,13.399999999999999
423874,104,13.399999999999999
423874,105,13.399999999999999
423874,106,13.399999999999999
423874,107,13.399999999999999
423874,108,13.399999999999999
423874,109,13.399999999999999
423874,110,13.399999999999999
423874,111,13.399999999999999
423874,112,13.399999999999999
423874,113,13.399999999999999
423874,114,13.399999999999999
423874,115,13.399999999999999
423874,116,13.399999999999999
423874,117,13.399999999999999
423874,118,13.399999999999999
423874,119,13.399999999999999
423874,120,13.399999999999999
423874,121,13.399999999999999
423874,122,13.399999999999999
423874,123,13.399999999999999
423874,124,13.399999999999999
423874,125,13.399999999999999
423874,126,13.399999999999999
423874,127,13.399999999999999
423874,128,13.399999999999999
423874,129,13.399999999999999
423874,130,13.399999999999999
423874,131,13.399999999999999
423874,132,13.399999999999999
423874,133,13.399999999999999
423874,134,13.399999999999999
423874,135,13.399999999999999
423874,136,13.399999999999999
423874,137,13.399999999999999
423874,138,13.399999999999999
423874,139,13.399999999999999
423874,140,13.399999999999999
423874,141,13.399999999999999
423874,142,13.399999999999999
423874,143,13.399999999999999
423874,144,13.399999999999999
423874,145,13.399999999999999
423874,146,13.399999999999999
423874,147,13.399999999999999
423874,148,13.399999999999999
423874,149,13.399999999999999
423874,150,13.399999999999999
423874,151,13.399999999999999
423874,152,13.399999999999999
423874,153,13.399999999999999
423874,154,13.399999999999999
423874,155,13.399999999999999
423874,156,13.399999999999999
423874,157,13.399999999999999
423874,158,13.399999999999999
423874,159,13.399999999999999
423874,160,13.399999999999999
423874,161,13.399999999999999
423874,162,13.399999999999999
423874,163,13.399999999999999
423874,164,13.399999999999999
423874,165,13.399999999999999
423874,166,13.399999999999999
423874,167,13.399999999999999
423874,168,13.399999999999999
423874,169,13.399999999999999
423874,170,13.399999999999999
423874,171,13.399999999999999
423874,172,13.399999999999999
423874,173,13.399999999999999
423874,174,13.399999999999999
423874,175,13.399999999999999
423874,176,13.399999999999999
423874,177,13.399999999999999
423874,178,13.399999999999999
423874,179,13.399999999999999
423874,180,13.399999999999999
423874,181,13.399999999999999
423874,182,13.399999999999999
423874,183,13.399999999999999
423874,184,13.399999999999999
423874,185,13.399999999999999
423874,186,13.399999999999999
423874,187,13.399999999999999
423874,188,13.399999999999999
423874,189,13.399999999999999
423874,190,13.399999999999999
423874,191,13.399999999999999
423874,192,13.399999999999999
423874,193,13.399999999999999
423874,194,13.399999999999999
423874,195,13.399999999999999
423874,196,13.399999999999999
423874,197,13.399999999999999
423874,198,13.399999999999999
423874,199,13.399999999999999
423874,200,13.399999999999999
423874,201,13.399999999999999
423874,202,13.399999999999999
423874,203,13.399999999999999
423874,204,13.399999999999999
423874,205,13.399999999999999
423874,206,13.399999999999999
423874,207,13.399999999999999
423874,208,13.399999999999999
423874,209,13.399999999999999
423874,210,13.399999999999999
423874,211,13.399999999999999
423874,212,13.399999999999999
423874,213,13.399999999999999
423874,214,13.399999999999999
423874,215,13.399999999999999
423874,216,13.399999999999999
423874,217,13.399999999999999
423874,218,13.399999999999999
423874,219,13.399999999999999
423874,220,13.399999999999999
423874,221,13.399999999999999
423874,222,13.399999999999999
423874,223,13.399999999999999
423874,224,13.399999999999999
423874,225,13.399999999999999
423874,226,13.399999999999999
423874,227,13.399999999999999
423874,228,13.399999999999999
423874,229,13.399999999999999
423874,230,13.399999999999999
423874,231,13.399999999999999
423874,232,13.399999999999999
423874,233,13.399999999999999
423874,234,13.399999999999999
423874,235,13.399999999999999
423874,236,13.399999999999999
423874,237,13.399999999999999
423874,238,13.399999999999999
423874,239,13.399999999999999
423874,240,13.399999999999999
423874,241,13.399999999999999
423874,242,13.399999999999999
423874,243,13.399999999999999
423874,244,13.399999999999999
423874,245,13.399999999999999
423874,246,13.399999999999999
423874,247,13.399999999999999
423874,248,13.399999999999999
423874,249,13.399999999999999
423874,250,13.399999999999999
423874,251,13.399999999999999
423874,252,13.399999999999999
423874,253,13.399999999999999
423874,254,13.399999999999999
423874,255,13.399999999999999
423874,256,13.399999999999999
423874,257,13.399999999999999
423874,258,13.399999999999999
423874,259,13.399999999999999
423874,260,13.399999999999999
423874,261,13.399999999999999
423874,262,13.399999999999999
423874,263,13.399999999999999
423874,264,13.399999999999999
423874,265,13.399999999999999
423874,266,13.399999999999999
423874,267,13.399999999999999
423874,268,13.399999999999999
423874,269,13.399999999999999
423874,270,13.399999999999999
423874,271,13.399999999999999
423874,272,13.399999999999999
423874,273,13.399999999999999
423874,274,13.399999999999999
423874,275,13.399999999999999
423874,276,13.399999999999999
423874,277,13.399999999999999
423874,278,13.399999999999999
423874,279,13.399999999999999
423874,280,13.399999999999999
423874,281,13.399999999999999
423874,282,13.399999999999999
423874,283,13.399999999999999
423874,284,13.399999999999999
423874,285,13.399999999999999
423874,286,13.399999999999999
423874,287,13.399999999999999
423874,288,13.399999999999999
423874,289,13.399999999999999
423874,290,13.399999999999999
423874,291,13.399999999999999
423874,292,13.399999999999999
423874,293,13.399999999999999
423874,294,13.399999999999999
423874,295,13.399999999999999
423874,296,13.399999999999999
423874,297,13.399999999999999
423874,298,13.399999999999999
423874,299,13.399999999999999
423874,300,13.399999999999999
423874,301,13.399999999999999
423874,302,13.399999999999999
423874,303,13.399999999999999
423874,304,13.399999999999999
423874,305,13.399999999999999
423874,306,13.399999999999999
423874,307,13.399999999999999
423874,308,13.399999999999999
423874,309,13.399999999999999
423874,310,13.399999999999999
423874,311,13.399999999999999
423874,312,13.399999999999999
423874,313,13.399999999999999
423874,314,13.399999999999999
423874,315,13.399999999999999
423874,316,13.399999999999999
423874,317,13.399999999999999
423874,318,13.399999999999999
423874,319,13.399999999999999
423874,320,13.399999999999999
423874,321,13.399999999999999
423874,322,13.399999999999999
423874,323,13.399999999999999
423874,324,13.399999999999999
423874,325,13.399999999999999
423874,326,13.399999999999999
423874,327,13.399999999999999
423874,328,13.399999999999999
423874,329,13.399999999999999
423874,330,13.399999999999999
423874,331,13.399999999999999
423874,332,13.399999999999999
423874,333,13.399999999999999
423874,334,13.399999999999999
423874,335,13.399999999999999
423874,336,13.399999999999999
423874,337,13.399999999999999
423874,338,13.399999999999999
423874,339,13.399999999999999
423874,340,13.399999999999999
423874,341,13.399999999999999
423874,342,13.399999999999999
423874,343,13.399999999999999
423874,344,13.399999999999999
423874,345,13.399999999999999
423874,346,13.399999999999999
423874,347,13.399999999999999
423874,348,13.399999999999999
423874,349,13.399999999999999
423874,350,13.399999999999999
423874,351,13.399999999999999
423874,352,13.399999999999999
423874,353,13.399999999999999
423874,354,13.399999999999999
423874,355,13.399999999999999
423874,356,13.399999999999999
423874,357,13.399999999999999
423874,358,13.399999999999999
423874,359,13.399999999999999
423874,360,13.399999999999999
423874,361,13.399999999999999
423874,362,13.399999999999999
423874,363,13.399999999999999
423874,364,13.399999999999999
423874,365,13.399999999999999
423874,366,13.399999999999999
423874,367,13.399999999999999
423874,368,13.399999999999999
423874,369,13.399999999999999
423874,370,13.399999999999999
423874,371,13.399999999999999
423874,372,13.399999999999999
423874,373,13.399999999999999
423874,374,13.399999999999999
423874,375,13.399999999999999
423874,376,13.399999999999999
423874,377,13.399999999999999
423874,378,13.399999999999999
423874,379,13.399999999999999
423874,380,13.399999999999999
423874,381,13.399999999999999
423874,382,13.399999999999999
423874,383,13.399999999999999
423874,384,13.399999999999999
423874,385,13.399999999999999
423874,386,13.399999999999999
423874,387,13.399999999999999
423874,388,13.399999999999999
423874,389,13.399999999999999
423874,390,13.399999999999999
423874,391,13.399999999999999
423874,392,13.399999999999999
423874,393,13.399999999999999
423874,394,13.399999999999999
423874,395,13.399999999999999
423874,396,13.399999999999999
423874,397,13.399999999999999
423874,398,13.399999999999999
423874,399,13.399999999999999
423874,400,13.399999999999999
423874,401,13.399999999999999
423874,402,13.399999999999999
423874,403,13.399999999999999
423874,404,13.399999999999999
423874,405,13.399999999999999
423874,406,13.399999999999999
423874,407,13.399999999999999
423874,408,13.399999999999999
423874,409,13.399999999999999
423874,410,13.399999999999999
423874,411,13.399999999999999
423874,412,13.399999999999999
423874,413,13.399999999999999
423874,414,13.399999999999999
423874,415,13.399999999999999
423874,416,13.399999999999999
423874,417,13.399999999999999
423874,418,13.399999999999999
423874,419,13.399999999999999
423874,420,13.399999999999999
423874,421,13.399999999999999
423874,422,13.399999999999999
423874,423,13.399999999999999
423874,424,13.399999999999999
423874,425,13.399999999999999
423874,426,13.399999999999999
423874,427,13.399999999999999
423874,428,13.399999999999999
423874,429,13.399999999999999
423874,430,13.399999999999999
423874,431,13.399999999999999
423874,432,13.399999999999999
423874,433,13.399999999999999
423874,434,13.399999999999999
423874,435,13.399999999999999
423874,436,13.399999999999999
423874,437,13.399999999999999
423874,438,13.399999999999999
423874,439,13.399999999999999
423874,440,13.399999999999999
423874,441,13.399999999999999
423874,442,13.399999999999999
423874,443,13.399999999999999
423874,444,13.399999999999999
423874,445,13.399999999999999
423874,446,13.399999999999999
423874,447,13.399999999999999
423874,448,13.399999999999999
423874,449,13.399999999999999
423874,450,13.399999999999999
423874,451,13.399999999999999
423874,452,13.399999999999999
423874,453,13.399999999999999
423874,454,13.399999999999999
423874,455,13.399999999999999
423874,456,13.399999999999999
423874,457,13.399999999999999
423874,458,13.399999999999999
423874,459,13.399999999999999
423874,460,13.399999999999999
423874,461,13.399999999999999
423874,462,13.399999999999999
423874,463,13.399999999999999
423874,464,13.399999999999999
423874,465,13.399999999999999
423874,466,13.399999999999999
423874,467,13.399999999999999
423874,468,13.399999999999999
423874,469,13.399999999999999
423874,470,13.399999999999999
423874,471,13.399999999999999
423874,472,13.399999999999999
423874,473,13.399999999999999
423874,474,13.399999999999999
423874,475,13.399999999999999
423874,476,13.399999999999999
423874,477,13.399999999999999
423874,478,13.399999999999999
423874,479,13.399999999999999
423874,480,13.399999999999999
423874,481,13.399999999999999
423874,482,13.399999999999999
423874,483,13.399999999999999
423874,484,13.399999999999999
423874,485,13.399999999999999
423874,486,13.399999999999999
423874,487,13.399999999999999
423874,488,13.399999999999999
423874,489,13.399999999999999
423874,490,13.399999999999999
423874,491,13.399999999999999
423874,492,13.399999999999999
423874,493,13.399999999999999
423874,494,13.399999999999999
423874,495,13.399999999999999
423874,496,13.399999999999999
423874,497,13.399999999999999
423874,498,13.399999999999999
423874,499,13.399999999999999
423874,500,13.399999999999999
423874,501,13.399999999999999
423874,502,13.399999999999999
423874,503,13.399999999999999
423874,504,13.399999999999999
423874,505,13.399999999999999
423874,506,13.399999999999999
423874,507,13.399999999999999
423874,508,13.399999999999999
423874,509,13.399999999999999
423874,510,13.399999999999999
423874,511,13.399999999999999
423874,512,13.399999999999999
423874,513,13.399999999999999
423874,514,13.399999999999999
423874,515,13.399999999999999
423874,516,13.399999999999999
423874,517,13.399999999999999
423874,518,13.399999999999999
423874,519,13.399999999999999
423874,520,13.399999999999999
423874,521,13.399999999999999
423874,522,13.399999999999999
423874,523,13.399999999999999
423874,524,13.399999999999999
423874,525,13.399999999999999
423874,526,13.399999999999999
423874,527,13.399999999999999
423874,528,13.399999999999999
423874,529,13.399999999999999
423874,530,13.399999999999999
423874,531,13.399999999999999
423874,532,13.399999999999999
423874,533,13.399999999999999
423874,534,13.399999999999999
423874,535,13.399999999999999
423874,536,13.399999999999999
423874,537,13.399999999999999
423874,538,13.399999999999999
423874,539,13.399999999999999
423874,540,13.399999999999999
423874,541,13.399999999999999
423874,542,13.399999999999999
423874,543,13.399999999999999
423874,544,13.399999999999999
423874,545,13.399999999999999
423874,546,13.399999999999999
423874,547,13.399999999999999
423874,548,13.399999999999999
423874,549,13.399999999999999
423874,550,13.399999999999999
423874,551,13.399999999999999
423874,552,13.399999999999999
423874,553,13.399999999999999
423874,554,13.399999999999999
423874,555,13.399999999999999
423874,556,13.399999999999999
423874,557,13.399999999999999
423874,558,13.399999999999999
423874,559,13.399999999999999
423874,560,13.399999999999999
423874,561,13.399999999999999
423874,562,13.399999999999999
423874,563,13.399999999999999
423874,564,13.399999999999999
423874,565,13.399999999999999
423874,566,13.399999999999999
423874,567,13.399999999999999
423874,568,13.399999999999999
423874,569,13.399999999999999
423874,570,13.399999999999999
423874,571,13.399999999999999
423874,572,13.399999999999999
423874,573,13.399999999999999
423874,574,13.399999999999999
seed,iteration,equity
2635142,0,1135.0
2635142,1,1087.8
2635142,2,1041.8
2635142,3,1000.5999999999998
2635142,4,960.6
2635142,5,924.1999999999998
2635142,6,888.5999999999999
2635142,7,853.8
2635142,8,821.0
2635142,9,790.6000000000001
2635142,10,761.0
2635142,11,733.4000000000001
2635142,12,705.8
2635142,13,679.0
2635142,14,652.5999999999999
2635142,15,627.0
2635142,16,603.0
2635142,17,579.8
2635142,18,556.6000000000001
2635142,19,534.2
2635142,20,512.5999999999999
2635142,21,491.79999999999995
2635142,22,471.4
2635142,23,451.39999999999986
2635142,24,431.79999999999995
2635142,25,413.3999999999999
2635142,26,396.1999999999999
2635142,27,378.99999999999994
2635142,28,362.19999999999993
2635142,29,345.79999999999995
2635142,30,329.3999999999999
2635142,31,313.79999999999995
2635142,32,298.19999999999993
2635142,33,283.79999999999995
2635142,34,271.0
2635142,35,258.2
2635142,36,246.19999999999996
2635142,37,233.4
2635142,38,221.79999999999998
2635142,39,210.6
2635142,40,199.4
2635142,41,189.0
2635142,42,179.0
2635142,43,169.4
2635142,44,159.8
2635142,45,150.20000000000002
2635142,46,141.0
2635142,47,132.2
2635142,48,123.4
2635142,49,115.79999999999998
2635142,50,108.6
2635142,51,102.19999999999999
2635142,52,96.19999999999999
2635142,53,90.19999999999999
2635142,54,84.2
2635142,55,78.60000000000001
2635142,56,73.4
2635142,57,67.80000000000001
2635142,58,62.600000000000016
2635142,59,57.800000000000004
2635142,60,54.2
2635142,61,51.00000000000001
2635142,62,47.0
2635142,63,44.599999999999994
2635142,64,41.4
2635142,65,38.199999999999996
2635142,66,35.0
2635142,67,31.799999999999997
2635142,68,28.999999999999996
2635142,69,26.199999999999996
2635142,70,23.399999999999995
2635142,71,20.999999999999996
2635142,72,19.399999999999995
2635142,73,18.599999999999998
2635142,74,17.799999999999997
2635142,75,16.999999999999996
2635142,76,16.2
2635142,77,15.399999999999997
2635142,78,13.799999999999999
2635142,79,13.799999999999999
2635142,80,13.399999999999999
2635142,81,13.399999999999999
2635142,82,13.399999999999999
2635142,83,13.399999999999999
2635142,84,13.399999999999999
2635142,85,13.399999999999999
2635142,86,13.399999999999999
2635142,87,13.399999999999999
2635142,88,13.399999999999999
2635142,89,13.399999999999999
2635142,90,13.399999999999999
2635142,91,13.399999999999999
2635142,92,13.399999999999999
2635142,93,13.399999999999999
2635142,94,13.399999999999999
2635142,95,13.399999999999999
2635142,96,13.399999999999999
2635142,97,13.399999999999999
2635142,98,13.399999999999999
2635142,99,13.399999999999999
2635142,100,13.399999999999999
2635142,101,13.399999999999999
2635142,102,13.399999999999999
2635142,103,13.399999999999999
2635142,104,13.399999999999999
2635142,105,13.399999999999999
2635142,106,13.399999999999999
2635142,107,13.399999999999999
2635142,108,13.399999999999999
2635142,109,13.399999999999999
2635142,110,13.399999999999999
2635142,111,13.399999999999999
2635142,112,13.399999999999999
2635142,113,13.399999999999999
2635142,114,13.399999999999999
2635142,115,13.399999999999999
2635142,116,13.399999999999999
2635142,117,13.399999999999999
2635142,118,13.399999999999999
2635142,119,13.399999999999999
2635142,120,13.399999999999999
2635142,121,13.399999999999999
2635142,122,13.399999999999999
2635142,123,13.399999999999999
2635142,124,13.399999999999999
2635142,125,13.399999999999999
2635142,126,13.399999999999999
2635142,127,13.399999999999999
2635142,128,13.399999999999999
2635142,129,13.399999999999999
2635142,130,13.399999999999999
2635142,131,13.399999999999999
2635142,132,13.399999999999999
2635142,133,13.399999999999999
2635142,134,13.399999999999999
2635142,135,13.399999999999999
2635142,136,13.399999999999999
2635142,137,13.399999999999999
2635142,138,13.399999999999999
2635142,139,13.399999999999999
2635142,140,13.399999999999999
2635142,141,13.399999999999999
2635142,142,13.399999999999999
2635142,143,13.399999999999999
2635142,144,13.399999999999999
2635142,145,13.399999999999999
2635142,146,13.399999999999999
2635142,147,13.399999999999999
2635142,148,13.399999999999999
2635142,149,13.399999999999999
2635142,150,13.399999999999999
2635142,151,13.399999999999999
2635142,152,13.399999999999999
2635142,153,13.399999999999999
2635142,154,13.399999999999999
2635142,155,13.399999999999999
2635142,156,13.399999999999999
2635142,157,13.399999999999999
2635142,158,13.399999999999999
2635142,159,13.399999999999999
2635142,160,13.399999999999999
2635142,161,13.399999999999999
2635142,162,13.399999999999999
2635142,163,13.399999999999999
2635142,164,13.399999999999999
2635142,165,13.399999999999999
2635142,166,13.399999999999999
2635142,167,13.399999999999999
2635142,168,13.399999999999999
2635142,169,13.399999999999999
2635142,170,13.399999999999999
2635142,171,13.399999999999999
2635142,172,13.399999999999999
2635142,173,13.399999999999999
2635142,174,13.399999999999999
2635142,175,13.399999999999999
2635142,176,13.399999999999999
2635142,177,13.399999999999999
2635142,178,13.399999999999999
2635142,179,13.399999999999999
2635142,180,13.399999999999999
2635142,181,13.399999999999999
2635142,182,13.399999999999999
2635142,183,13.399999999999999
2635142,184,13.399999999999999
2635142,185,13.399999999999999
2635142,186,13.399999999999999
2635142,187,13.399999999999999
2635142,188,13.399999999999999
2635142,189,13.399999999999999
2635142,190,13.399999999999999
2635142,191,13.399999999999999
2635142,192,13.399999999999999
2635142,193,13.399999999999999
2635142,194,13.399999999999999
2635142,195,13.399999999999999
2635142,196,13.399999999999999
2635142,197,13.399999999999999
2635142,198,13.399999999999999
2635142,199,13.399999999999999
2635142,200,13.399999999999999
2635142,201,13.399999999999999
2635142,202,13.399999999999999
2635142,203,13.399999999999999
2635142,204,13.399999999999999
2635142,205,13.399999999999999
2635142,206,13.399999999999999
2635142,207,13.399999999999999
2635142,208,13.399999999999999
2635142,209,13.399999999999999
2635142,210,13.399999999999999
2635142,211,13.399999999999999
2635142,212,13.399999999999999
2635142,213,13.399999999999999
2635142,214,13.399999999999999
2635142,215,13.399999999999999
2635142,216,13.399999999999999
2635142,217,13.399999999999999
2635142,218,13.399999999999999
2635142,219,13.399999999999999
2635142,220,13.399999999999999
2635142,221,13.399999999999999
2635142,222,13.399999999999999
2635142,223,13.399999999999999
2635142,224,13.399999999999999
2635142,225,13.399999999999999
2635142,226,13.399999999999999
2635142,227,13.399999999999999
2635142,228,13.399999999999999
2635142,229,13.399999999999999
2635142,230,13.399999999999999
2635142,231,13.399999999999999
2635142,232,13.399999999999999
2635142,233,13.399999999999999
2635142,234,13.399999999999999
2635142,235,13.399999999999999
2635142,236,13.399999999999999
2635142,237,13.399999999999999
2635142,238,13.399999999999999
2635142,239,13.399999999999999
2635142,240,13.399999999999999
2635142,241,13.399999999999999
2635142,242,13.399999999999999
2635142,243,13.399999999999999
2635142,244,13.399999999999999
2635142,245,13.399999999999999
2635142,246,13.399999999999999
2635142,247,13.399999999999999
2635142,248,13.399999999999999
2635142,249,13.399999999999999
2635142,250,13.399999999999999
2635142,251,13.399999999999999
2635142,252,13.399999999999999
2635142,253,13.399999999999999
2635142,254,13.399999999999999
2635142,255,13.399999999999999
2635142,256,13.399999999999999
2635142,257,13.399999999999999
2635142,258,13.399999999999999
2635142,259,13.399999999999999
2635142,260,13.399999999999999
2635142,261,13.399999999999999
2635142,262,13.399999999999999
2635142,263,13.399999999999999
2635142,264,13.399999999999999
2635142,265,13.399999999999999
2635142,266,13.399999999999999
2635142,267,13.399999999999999
2635142,268,13.399999999999999
2635142,269,13.399999999999999
2635142,270,13.399999999999999
2635142,271,13.399999999999999
2635142,272,13.399999999999999
2635142,273,13.399999999999999
2635142,274,13.399999999999999
2635142,275,13.399999999999999
2635142,276,13.399999999999999
2635142,277,13.399999999999999
2635142,278,13.399999999999999
2635142,279,13.399999999999999
2635142,280,13.399999999999999
2635142,281,13.399999999999999
2635142,282,13.399999999999999
2635142,283,13.399999999999999
2635142,284,13.399999999999999
2635142,285,13.399999999999999
2635142,286,13.399999999999999
2635142,287,13.399999999999999
2635142,288,13.399999999999999
2635142,289,13.399999999999999
2635142,290,13.399999999999999
2635142,291,13.399999999999999
2635142,292,13.399999999999999
2635142,293,13.399999999999999
2635142,294,13.399999999999999
2635142,295,13.399999999999999
2635142,296,13.399999999999999
2635142,297,13.399999999999999
2635142,298,13.399999999999999
2635142,299,13.399999999999999
2635142,300,13.399999999999999
2635142,301,13.399999999999999
2635142,302,13.399999999999999
2635142,303,13.399999999999999
2635142,304,13.399999999999999
2635142,305,13.399999999999999
2635142,306,13.399999999999999
2635142,307,13.399999999999999
2635142,308,13.399999999999999
2635142,309,13.399999999999999
2635142,310,13.399999999999999
2635142,311,13.399999999999999
2635142,312,13.399999999999999
2635142,313,13.399999999999999
2635142,314,13.399999999999999
2635142,315,13.399999999999999
2635142,316,13.399999999999999
2635142,317,13.399999999999999
2635142,318,13.399999999999999
2635142,319,13.399999999999999
2635142,320,13.399999999999999
2635142,321,13.399999999999999
2635142,322,13.399999999999999
2635142,323,13.399999999999999
2635142,324,13.399999999999999
2635142,325,13.399999999999999
2635142,326,13.399999999999999
2635142,327,13.399999999999999
2635142,328,13.399999999999999
2635142,329,13.399999999999999
2635142,330,13.399999999999999
2635142,331,13.399999999999999
2635142,332,13.399999999999999
2635142,333,13.399999999999999
2635142,334,13.399999999999999
2635142,335,13.399999999999999
2635142,336,13.399999999999999
2635142,337,13.399999999999999
2635142,338,13.399999999999999
2635142,339,13.399999999999999
2635142,340,13.399999999999999
2635142,341,13.399999999999999
2635142,342,13.399999999999999
2635142,343,13.399999999999999
2635142,344,13.399999999999999
2635142,345,13.399999999999999
2635142,346,13.399999999999999
2635142,347,13.399999999999999
2635142,348,13.399999999999999
2635142,349,13.399999999999999
2635142,350,13.399999999999999
2635142,351,13.399999999999999
2635142,352,13.399999999999999
2635142,353,13.399999999999999
2635142,354,13.399999999999999
2635142,355,13.399999999999999
2635142,356,13.399999999999999
2635142,357,13.399999999999999
2635142,358,13.399999999999999
2635142,359,13.399999999999999
2635142,360,13.399999999999999
2635142,361,13.399999999999999
2635142,362,13.399999999999999
2635142,363,13.399999999999999
2635142,364,13.399999999999999
2635142,365,13.399999999999999
2635142,366,13.399999999999999
2635142,367,13.399999999999999
2635142,368,13.399999999999999
2635142,369,13.399999999999999
2635142,370,13.399999999999999
2635142,371,13.399999999999999
2635142,372,13.399999999999999
2635142,373,13.399999999999999
2635142,374,13.399999999999999
2635142,375,13.399999999999999
2635142,376,13.399999999999999
2635142,377,13.399999999999999
2635142,378,13.399999999999999
2635142,379,13.399999999999999
2635142,380,13.399999999999999
2635142,381,13.399999999999999
2635142,382,13.399999999999999
2635142,383,13.399999999999999
2635142,384,13.399999999999999
2635142,385,13.399999999999999
2635142,386,13.399999999999999
2635142,387,13.399999999999999
2635142,388,13.399999999999999
2635142,389,13.399999999999999
2635142,390,13.399999999999999
2635142,391,13.399999999999999
2635142,392,13.399999999999999
2635142,393,13.399999999999999
2635142,394,13.399999999999999
2635142,395,13.399999999999999
2635142,396,13.399999999999999
2635142,397,13.399999999999999
2635142,398,13.399999999999999
2635142,399,13.399999999999999
2635142,400,13.399999999999999
2635142,401,13.399999999999999
2635142,402,13.399999999999999
2635142,403,13.399999999999999
2635142,404,13.399999999999999
2635142,405,13.399999999999999
2635142,406,13.399999999999999
2635142,407,13.399999999999999
2635142,408,13.399999999999999
2635142,409,13.399999999999999
2635142,410,13.399999999999999
2635142,411,13.399999999999999
2635142,412,13.399999999999999
2635142,413,13.399999999999999
2635142,414,13.399999999999999
2635142,415,13.399999999999999
2635142,416,13.399999999999999
2635142,417,13.399999999999999
2635142,418,13.399999999999999
2635142,419,13.399999999999999
2635142,420,13.399999999999999
2635142,421,13.399999999999999
2635142,422,13.399999999999999
2635142,423,13.399999999999999
2635142,424,13.399999999999999
2635142,425,13.399999999999999
2635142,426,13.399999999999999
2635142,427,13.399999999999999
2635142,428,13.399999999999999
2635142,429,13.399999999999999
2635142,430,13.399999999999999
2635142,431,13.399999999999999
2635142,432,13.399999999999999
2635142,433,13.399999999999999
2635142,434,13.399999999999999
2635142,435,13.399999999999999
2635142,436,13.399999999999999
2635142,437,13.399999999999999
2635142,438,13.399999999999999
2635142,439,13.399999999999999
2635142,440,13.399999999999999
2635142,441,13.399999999999999
2635142,442,13.399999999999999
2635142,443,13.399999999999999
2635142,444,13.399999999999999
2635142,445,13.399999999999999
2635142,446,13.399999999999999
2635142,447,13.399999999999999
2635142,448,13.399999999999999
2635142,449,13.399999999999999
2635142,450,13.399999999999999
2635142,451,13.399999999999999
2635142,452,13.399999999999999
2635142,453,13.399999999999999
2635142,454,13.399999999999999
2635142,455,13.399999999999999
2635142,456,13.399999999999999
2635142,457,13.399999999999999
2635142,458,13.399999999999999
2635142,459,13.399999999999999
2635142,460,13.399999999999999
2635142,461,13.399999999999999
2635142,462,13.399999999999999
2635142,463,13.399999999999999
2635142,464,13.399999999999999
2635142,465,13.399999999999999
2635142,466,13.399999999999999
2635142,467,13.399999999999999
2635142,468,13.399999999999999
2635142,469,13.399999999999999
2635142,470,13.399999999999999
2635142,471,13.399999999999999
2635142,472,13.399999999999999
2635142,473,13.399999999999999
2635142,474,13.399999999999999
2635142,475,13.399999999999999
2635142,476,13.399999999999999
2635142,477,13.399999999999999
2635142,478,13.399999999999999
2635142,479,13.399999999999999
2635142,480,13.399999999999999
2635142,481,13.399999999999999
2635142,482,13.399999999999999
2635142,483,13.399999999999999
2635142,484,13.399999999999999
2635142,485,13.399999999999999
2635142,486,13.399999999999999
2635142,487,13.399999999999999
2635142,488,13.399999999999999
2635142,489,13.399999999999999
2635142,490,13.399999999999999
2635142,491,13.399999999999999
2635142,492,13.399999999999999
2635142,493,13.399999999999999
2635142,494,13.399999999999999
2635142,495,13.399999999999999
2635142,496,13.399999999999999
2635142,497,13.399999999999999
2635142,498,13.399999999999999
2635142,499,13.399999999999999
2635142,500,13.399999999999999
2635142,501,13.399999999999999
2635142,502,13.399999999999999
2635142,503,13.399999999999999
2635142,504,13.399999999999999
2635142,505,13.399999999999999
2635142,506,13.399999999999999
2635142,507,13.399999999999999
2635142,508,13.399999999999999
2635142,509,13.399999999999999
2635142,510,13.399999999999999
2635142,511,13.399999999999999
2635142,512,13.399999999999999
2635142,513,13.399999999999999
2635142,514,13.399999999999999
2635142,515,13.399999999999999
2635142,516,13.399999999999999
2635142,517,13.399999999999999
2635142,518,13.399999999999999
2635142,519,13.399999999999999
2635142,520,13.399999999999999
2635142,521,13.399999999999999
2635142,522,13.399999999999999
2635142,523,13.399999999999999
2635142,524,13.399999999999999
2635142,525,13.399999999999999
2635142,526,13.399999999999999
2635142,527,13.399999999999999
2635142,528,13.399999999999999
2635142,529,13.399999999999999
2635142,530,13.399999999999999
2635142,531,13.399999999999999
2635142,532,13.399999999999999
2635142,533,13.399999999999999
2635142,534,13.399999999999999
2635142,535,13.399999999999999
2635142,536,13.399999999999999
2635142,537,13.399999999999999
2635142,538,13.399999999999999
2635142,539,13.399999999999999
2635142,540,13.399999999999999
2635142,541,13.399999999999999
2635142,542,13.399999999999999
2635142,543,13.399999999999999
2635142,544,13.399999999999999
2635142,545,13.399999999999999
2635142,546,13.399999999999999
2635142,547,13.399999999999999
2635142,548,13.399999999999999
2635142,549,13.399999999999999
2635142,550,13.399999999999999
2635142,551,13.399999999999999
2635142,552,13.399999999999999
2635142,553,13.399999999999999
2635142,554,13.399999999999999
2635142,555,13.399999999999999
2635142,556,13.399999999999999
2635142,557,13.399999999999999
2635142,558,13.399999999999999
2635142,559,13.399999999999999
2635142,560,13.399999999999999
2635142,561,13.399999999999999
2635142,562,13.399999999999999
2635142,563,13.399999999999999
2635142,564,13.399999999999999
2635142,565,13.399999999999999
2635142,566,13.399999999999999
2635142,567,13.399999999999999
2635142,568,13.399999999999999
2635142,569,13.399999999999999
2635142,570,13.399999999999999
2635142,571,13.399999999999999
2635142,572,13.399999999999999
2635142,573,13.399999999999999
2635142,574,13.399999999999999
2635142,575,13.399999999999999
2635142,576,13.399999999999999
2635142,577,13.399999999999999
2635142,578,13.399999999999999
2635142,579,13.399999999999999
seed,iteration,equity
8364142,0,723.8000000000002
8364142,1,690.6000000000001
8364142,2,659.0000000000001
8364142,3,631.0000000000001
8364142,4,604.6
8364142,5,578.6
8364142,6,554.6
8364142,7,531.8
8364142,8,510.2
8364142,9,489.00000000000006
8364142,10,468.59999999999997
8364142,11,450.2
8364142,12,431.8
8364142,13,414.59999999999997
8364142,14,398.59999999999997
8364142,15,382.59999999999997
8364142,16,367.3999999999999
8364142,17,352.2
8364142,18,336.99999999999994
8364142,19,322.19999999999993
8364142,20,307.80000000000007
8364142,21,294.20000000000005
8364142,22,281.0
8364142,23,267.4
8364142,24,254.6
8364142,25,242.20000000000002
8364142,26,230.20000000000005
8364142,27,218.60000000000002
8364142,28,207.39999999999998
8364142,29,196.6
8364142,30,186.2
8364142,31,175.79999999999998
8364142,32,166.2
8364142,33,157.0
8364142,34,148.2
8364142,35,140.2
8364142,36,132.2
8364142,37,124.2
8364142,38,117.0
8364142,39,109.39999999999999
8364142,40,102.60000000000001
8364142,41,95.8
8364142,42,89.4
8364142,43,83.0
8364142,44,77.4
8364142,45,72.60000000000001
8364142,46,68.2
8364142,47,63.4
8364142,48,59.00000000000001
8364142,49,54.6
8364142,50,50.99999999999999
8364142,51,47.39999999999999
8364142,52,42.99999999999999
8364142,53,39.8
8364142,54,36.599999999999994
8364142,55,33.39999999999999
8364142,56,30.199999999999996
8364142,57,26.599999999999994
8364142,58,23.399999999999995
8364142,59,20.599999999999998
8364142,60,18.999999999999996
8364142,61,17.799999999999997
8364142,62,16.999999999999996
8364142,63,16.599999999999998
8364142,64,15.799999999999997
8364142,65,15.399999999999997
8364142,66,15.399999999999997
8364142,67,14.199999999999998
8364142,68,14.199999999999998
8364142,69,14.199999999999998
8364142,70,13.399999999999999
8364142,71,13.399999999999999
8364142,72,13.399999999999999
8364142,73,13.399999999999999
8364142,74,13.399999999999999
8364142,75,13.399999999999999
8364142,76,13.399999999999999
8364142,77,13.399999999999999
8364142,78,13.399999999999999
8364142,79,13.399999999999999
8364142,80,13.399999999999999
8364142,81,13.399999999999999
8364142,82,13.399999999999999
8364142,83,13.399999999999999
8364142,84,13.399999999999999
8364142,85,13.399999999999999
8364142,86,13.399999999999999
8364142,87,13.399999999999999
8364142,88,13.399999999999999
8364142,89,13.399999999999999
8364142,90,13.399999999999999
8364142,91,13.399999999999999
8364142,92,13.399999999999999
8364142,93,13.399999999999999
8364142,94,13.399999999999999
8364142,95,13.399999999999999
8364142,96,13.399999999999999
8364142,97,13.399999999999999
8364142,98,13.399999999999999
8364142,99,13.399999999999999
8364142,100,13.399999999999999
8364142,101,13.399999999999999
8364142,102,13.399999999999999
8364142,103,13.399999999999999
8364142,104,13.399999999999999
8364142,105,13.399999999999999
8364142,106,13.399999999999999
8364142,107,13.399999999999999
8364142,108,13.399999999999999
8364142,109,13.399999999999999
8364142,110,13.399999999999999
8364142,111,13.399999999999999
8364142,112,13.399999999999999
8364142,113,13.399999999999999
8364142,114,13.399999999999999
8364142,115,13.399999999999999
8364142,116,13.399999999999999
8364142,117,13.399999999999999
8364142,118,13.399999999999999
8364142,119,13.399999999999999
8364142,120,13.399999999999999
8364142,121,13.399999999999999
8364142,122,13.399999999999999
8364142,123,13.399999999999999
8364142,124,13.399999999999999
8364142,125,13.399999999999999
8364142,126,13.399999999999999
8364142,127,13.399999999999999
8364142,128,13.399999999999999
8364142,129,13.399999999999999
8364142,130,13.399999999999999
8364142,131,13.399999999999999
8364142,132,13.399999999999999
8364142,133,13.399999999999999
8364142,134,13.399999999999999
8364142,135,13.399999999999999
8364142,136,13.399999999999999
8364142,137,13.399999999999999
8364142,138,13.399999999999999
8364142,139,13.399999999999999
8364142,140,13.399999999999999
8364142,141,13.399999999999999
8364142,142,13.399999999999999
8364142,143,13.399999999999999
8364142,144,13.399999999999999
8364142,145,13.399999999999999
8364142,146,13.399999999999999
8364142,147,13.399999999999999
8364142,148,13.399999999999999
8364142,149,13.399999999999999
8364142,150,13.399999999999999
8364142,151,13.399999999999999
8364142,152,13.399999999999999
8364142,153,13.399999999999999
8364142,154,13.399999999999999
8364142,155,13.399999999999999
8364142,156,13.399999999999999
8364142,157,13.399999999999999
8364142,158,13.399999999999999
8364142,159,13.399999999999999
8364142,160,13.399999999999999
8364142,161,13.399999999999999
8364142,162,13.399999999999999
8364142,163,13.399999999999999
8364142,164,13.399999999999999
8364142,165,13.399999999999999
8364142,166,13.399999999999999
8364142,167,13.399999999999999
8364142,168,13.399999999999999
8364142,169,13.399999999999999
8364142,170,13.399999999999999
8364142,171,13.399999999999999
8364142,172,13.399999999999999
8364142,173,13.399999999999999
8364142,174,13.399999999999999
8364142,175,13.399999999999999
8364142,176,13.399999999999999
8364142,177,13.399999999999999
8364142,178,13.399999999999999
8364142,179,13.399999999999999
8364142,180,13.399999999999999
8364142,181,13.399999999999999
8364142,182,13.399999999999999
8364142,183,13.399999999999999
8364142,184,13.399999999999999
8364142,185,13.399999999999999
8364142,186,13.399999999999999
8364142,187,13.399999999999999
8364142,188,13.399999999999999
8364142,189,13.399999999999999
8364142,190,13.399999999999999
8364142,191,13.399999999999999
8364142,192,13.399999999999999
8364142,193,13.399999999999999
8364142,194,13.399999999999999
8364142,195,13.399999999999999
8364142,196,13.399999999999999
8364142,197,13.399999999999999
8364142,198,13.399999999999999
8364142,199,13.399999999999999
8364142,200,13.399999999999999
8364142,201,13.399999999999999
8364142,202,13.399999999999999
8364142,203,13.399999999999999
8364142,204,13.399999999999999
8364142,205,13.399999999999999
8364142,206,13.399999999999999
8364142,207,13.399999999999999
8364142,208,13.399999999999999
8364142,209,13.399999999999999
8364142,210,13.399999999999999
8364142,211,13.399999999999999
8364142,212,13.399999999999999
8364142,213,13.399999999999999
8364142,214,13.399999999999999
8364142,215,13.399999999999999
8364142,216,13.399999999999999
8364142,217,13.399999999999999
8364142,218,13.399999999999999
8364142,219,13.399999999999999
8364142,220,13.399999999999999
8364142,221,13.399999999999999
8364142,222,13.399999999999999
8364142,223,13.399999999999999
8364142,224,13.399999999999999
8364142,225,13.399999999999999
8364142,226,13.399999999999999
8364142,227,13.399999999999999
8364142,228,13.399999999999999
8364142,229,13.399999999999999
8364142,230,13.399999999999999
8364142,231,13.399999999999999
8364142,232,13.399999999999999
8364142,233,13.399999999999999
8364142,234,13.399999999999999
8364142,235,13.399999999999999
8364142,236,13.399999999999999
8364142,237,13.399999999999999
8364142,238,13.399999999999999
8364142,239,13.399999999999999
8364142,240,13.399999999999999
8364142,241,13.399999999999999
8364142,242,13.399999999999999
8364142,243,13.399999999999999
8364142,244,13.399999999999999
8364142,245,13.399999999999999
8364142,246,13.399999999999999
8364142,247,13.399999999999999
8364142,248,13.399999999999999
8364142,249,13.399999999999999
8364142,250,13.399999999999999
8364142,251,13.399999999999999
8364142,252,13.399999999999999
8364142,253,13.399999999999999
8364142,254,13.399999999999999
8364142,255,13.399999999999999
8364142,256,13.399999999999999
8364142,257,13.399999999999999
8364142,258,13.399999999999999
8364142,259,13.399999999999999
8364142,260,13.399999999999999
8364142,261,13.399999999999999
8364142,262,13.399999999999999
8364142,263,13.399999999999999
8364142,264,13.399999999999999
8364142,265,13.399999999999999
8364142,266,13.399999999999999
8364142,267,13.399999999999999
8364142,268,13.399999999999999
8364142,269,13.399999999999999
8364142,270,13.399999999999999
8364142,271,13.399999999999999
8364142,272,13.399999999999999
8364142,273,13.399999999999999
8364142,274,13.399999999999999
8364142,275,13.399999999999999
8364142,276,13.399999999999999
8364142,277,13.399999999999999
8364142,278,13.399999999999999
8364142,279,13.399999999999999
8364142,280,13.399999999999999
8364142,281,13.399999999999999
8364142,282,13.399999999999999
8364142,283,13.399999999999999
8364142,284,13.399999999999999
8364142,285,13.399999999999999
8364142,286,13.399999999999999
8364142,287,13.399999999999999
8364142,288,13.399999999999999
8364142,289,13.399999999999999
8364142,290,13.399999999999999
8364142,291,13.399999999999999
8364142,292,13.399999999999999
8364142,293,13.399999999999999
8364142,294,13.399999999999999
8364142,295,13.399999999999999
8364142,296,13.399999999999999
8364142,297,13.399999999999999
8364142,298,13.399999999999999
8364142,299,13.399999999999999
8364142,300,13.399999999999999
8364142,301,13.399999999999999
8364142,302,13.399999999999999
8364142,303,13.399999999999999
8364142,304,13.399999999999999
8364142,305,13.399999999999999
8364142,306,13.399999999999999
8364142,307,13.399999999999999
8364142,308,13.399999999999999
8364142,309,13.399999999999999
8364142,310,13.399999999999999
8364142,311,13.399999999999999
8364142,312,13.399999999999999
8364142,313,13.399999999999999
8364142,314,13.399999999999999
8364142,315,13.399999999999999
8364142,316,13.399999999999999
8364142,317,13.399999999999999
8364142,318,13.399999999999999
8364142,319,13.399999999999999
8364142,320,13.399999999999999
8364142,321,13.399999999999999
8364142,322,13.399999999999999
8364142,323,13.399999999999999
8364142,324,13.399999999999999
8364142,325,13.399999999999999
8364142,326,13.399999999999999
8364142,327,13.399999999999999
8364142,328,13.399999999999999
8364142,329,13.399999999999999
8364142,330,13.399999999999999
8364142,331,13.399999999999999
8364142,332,13.399999999999999
8364142,333,13.399999999999999
8364142,334,13.399999999999999
8364142,335,13.399999999999999
8364142,336,13.399999999999999
8364142,337,13.399999999999999
8364142,338,13.399999999999999
8364142,339,13.399999999999999
8364142,340,13.399999999999999
8364142,341,13.399999999999999
8364142,342,13.399999999999999
8364142,343,13.399999999999999
8364142,344,13.399999999999999
8364142,345,13.399999999999999
8364142,346,13.399999999999999
8364142,347,13.399999999999999
8364142,348,13.399999999999999
8364142,349,13.399999999999999
8364142,350,13.399999999999999
8364142,351,13.399999999999999
8364142,352,13.399999999999999
8364142,353,13.399999999999999
8364142,354,13.399999999999999
8364142,355,13.399999999999999
8364142,356,13.399999999999999
8364142,357,13.399999999999999
8364142,358,13.399999999999999
8364142,359,13.399999999999999
8364142,360,13.399999999999999
8364142,361,13.399999999999999
8364142,362,13.399999999999999
8364142,363,13.399999999999999
8364142,364,13.399999999999999
8364142,365,13.399999999999999
8364142,366,13.399999999999999
8364142,367,13.399999999999999
8364142,368,13.399999999999999
8364142,369,13.399999999999999
8364142,370,13.399999999999999
8364142,371,13.399999999999999
8364142,372,13.399999999999999
8364142,373,13.399999999999999
8364142,374,13.399999999999999
8364142,375,13.399999999999999
8364142,376,13.399999999999999
8364142,377,13.399999999999999
8364142,378,13.399999999999999
8364142,379,13.399999999999999
8364142,380,13.399999999999999
8364142,381,13.399999999999999
8364142,382,13.399999999999999
8364142,383,13.399999999999999
8364142,384,13.399999999999999
8364142,385,13.399999999999999
8364142,386,13.399999999999999
8364142,387,13.399999999999999
8364142,388,13.399999999999999
8364142,389,13.399999999999999
8364142,390,13.399999999999999
8364142,391,13.399999999999999
8364142,392,13.399999999999999
8364142,393,13.399999999999999
8364142,394,13.399999999999999
8364142,395,13.399999999999999
8364142,396,13.399999999999999
8364142,397,13.399999999999999
8364142,398,13.399999999999999
8364142,399,13.399999999999999
8364142,400,13.399999999999999
8364142,401,13.399999999999999
8364142,402,13.399999999999999
8364142,403,13.399999999999999
8364142,404,13.399999999999999
8364142,405,13.399999999999999
8364142,406,13.399999999999999
8364142,407,13.399999999999999
8364142,408,13.399999999999999
8364142,409,13.399999999999999
8364142,410,13.399999999999999
8364142,411,13.399999999999999
8364142,412,13.399999999999999
8364142,413,13.399999999999999
8364142,414,13.399999999999999
8364142,415,13.399999999999999
8364142,416,13.399999999999999
8364142,417,13.399999999999999
8364142,418,13.399999999999999
8364142,419,13.399999999999999
8364142,420,13.399999999999999
8364142,421,13.399999999999999
8364142,422,13.399999999999999
8364142,423,13.399999999999999
8364142,424,13.399999999999999
8364142,425,13.399999999999999
8364142,426,13.399999999999999
8364142,427,13.399999999999999
8364142,428,13.399999999999999
8364142,429,13.399999999999999
8364142,430,13.399999999999999
8364142,431,13.399999999999999
8364142,432,13.399999999999999
8364142,433,13.399999999999999
8364142,434,13.399999999999999
8364142,435,13.399999999999999
8364142,436,13.399999999999999
8364142,437,13.399999999999999
8364142,438,13.399999999999999
8364142,439,13.399999999999999
8364142,440,13.399999999999999
8364142,441,13.399999999999999
8364142,442,13.399999999999999
8364142,443,13.399999999999999
8364142,444,13.399999999999999
8364142,445,13.399999999999999
8364142,446,13.399999999999999
8364142,447,13.399999999999999
8364142,448,13.399999999999999
8364142,449,13.399999999999999
8364142,450,13.399999999999999
8364142,451,13.399999999999999
8364142,452,13.399999999999999
8364142,453,13.399999999999999
8364142,454,13.399999999999999
8364142,455,13.399999999999999
8364142,456,13.399999999999999
8364142,457,13.399999999999999
8364142,458,13.399999999999999
8364142,459,13.399999999999999
8364142,460,13.399999999999999
8364142,461,13.399999999999999
8364142,462,13.399999999999999
8364142,463,13.399999999999999
8364142,464,13.399999999999999
8364142,465,13.399999999999999
8364142,466,13.399999999999999
8364142,467,13.399999999999999
8364142,468,13.399999999999999
8364142,469,13.399999999999999
8364142,470,13.399999999999999
8364142,471,13.399999999999999
8364142,472,13.399999999999999
8364142,473,13.399999999999999
8364142,474,13.399999999999999
8364142,475,13.399999999999999
8364142,476,13.399999999999999
8364142,477,13.399999999999999
8364142,478,13.399999999999999
8364142,479,13.399999999999999
8364142,480,13.399999999999999
8364142,481,13.399999999999999
8364142,482,13.399999999999999
8364142,483,13.399999999999999
8364142,484,13.399999999999999
8364142,485,13.399999999999999
8364142,486,13.399999999999999
8364142,487,13.399999999999999
8364142,488,13.399999999999999
8364142,489,13.399999999999999
8364142,490,13.399999999999999
8364142,491,13.399999999999999
8364142,492,13.399999999999999
8364142,493,13.399999999999999
8364142,494,13.399999999999999
8364142,495,13.399999999999999
8364142,496,13.399999999999999
8364142,497,13.399999999999999
8364142,498,13.399999999999999
8364142,499,13.399999999999999
8364142,500,13.399999999999999
8364142,501,13.399999999999999
8364142,502,13.399999999999999
8364142,503,13.399999999999999
8364142,504,13.399999999999999
8364142,505,13.399999999999999
8364142,506,13.399999999999999
8364142,507,13.399999999999999
8364142,508,13.399999999999999
8364142,509,13.399999999999999
8364142,510,13.399999999999999
8364142,511,13.399999999999999
8364142,512,13.399999999999999
8364142,513,13.399999999999999
8364142,514,13.399999999999999
8364142,515,13.399999999999999
8364142,516,13.399999999999999
8364142,517,13.399999999999999
8364142,518,13.399999999999999
8364142,519,13.399999999999999
8364142,520,13.399999999999999
8364142,521,13.399999999999999
8364142,522,13.399999999999999
8364142,523,13.399999999999999
8364142,524,13.399999999999999
8364142,525,13.399999999999999
8364142,526,13.399999999999999
8364142,527,13.399999999999999
8364142,528,13.399999999999999
8364142,529,13.399999999999999
8364142,530,13.399999999999999
8364142,531,13.399999999999999
8364142,532,13.399999999999999
8364142,533,13.399999999999999
8364142,534,13.399999999999999
8364142,535,13.399999999999999
8364142,536,13.399999999999999
8364142,537,13.399999999999999
8364142,538,13.399999999999999
8364142,539,13.399999999999999
8364142,540,13.399999999999999
8364142,541,13.399999999999999
8364142,542,13.399999999999999
8364142,543,13.399999999999999
8364142,544,13.399999999999999
8364142,545,13.399999999999999
8364142,546,13.399999999999999
8364142,547,13.399999999999999
8364142,548,13.399999999999999
8364142,549,13.399999999999999
8364142,550,13.399999999999999
8364142,551,13.399999999999999
8364142,552,13.399999999999999
8364142,553,13.399999999999999
8364142,554,13.399999999999999
8364142,555,13.399999999999999
8364142,556,13.399999999999999
8364142,557,13.399999999999999
8364142,558,13.399999999999999
8364142,559,13.399999999999999
8364142,560,13.399999999999999
8364142,561,13.399999999999999
8364142,562,13.399999999999999
8364142,563,13.399999999999999
8364142,564,13.399999999999999
8364142,565,13.399999999999999
8364142,566,13.399999999999999
8364142,567,13.399999999999999
8364142,568,13.399999999999999
8364142,569,13.399999999999999
seed,iteration,equity
9473625,0,949.0
9473625,1,903.4
9473625,2,860.9999999999999
9473625,3,822.5999999999999
9473625,4,787.4000000000001
9473625,5,756.2
9473625,6,725.0000000000001
9473625,7,696.9999999999999
9473625,8,669.3999999999999
9473625,9,644.5999999999999
9473625,10,620.5999999999999
9473625,11,596.9999999999999
9473625,12,573.3999999999999
9473625,13,550.5999999999999
9473625,14,527.4
9473625,15,507.3999999999999
9473625,16,486.99999999999994
9473625,17,469.7999999999999
9473625,18,453.3999999999999
9473625,19,436.99999999999994
9473625,20,420.2
9473625,21,403.8
9473625,22,387.79999999999995
9473625,23,371.79999999999995
9473625,24,355.79999999999995
9473625,25,340.19999999999993
9473625,26,326.19999999999993
9473625,27,313.0
9473625,28,299.80000000000007
9473625,29,287.0
9473625,30,273.8
9473625,31,261.8
9473625,32,249.8
9473625,33,238.2
9473625,34,227.00000000000003
9473625,35,217.0
9473625,36,207.8
9473625,37,198.20000000000002
9473625,38,188.60000000000005
9473625,39,179.40000000000006
9473625,40,169.4
9473625,41,161.4
9473625,42,153.40000000000003
9473625,43,145.8
9473625,44,137.4
9473625,45,130.2
9473625,46,122.99999999999999
9473625,47,116.19999999999999
9473625,48,108.99999999999999
9473625,49,102.59999999999998
9473625,50,95.39999999999999
9473625,51,89.39999999999999
9473625,52,84.6
9473625,53,79.0
9473625,54,74.2
9473625,55,68.60000000000001
9473625,56,65.0
9473625,57,61.400000000000006
9473625,58,57.400000000000006
9473625,59,53.8
9473625,60,50.599999999999994
9473625,61,46.6
9473625,62,43.4
9473625,63,39.0
9473625,64,35.8
9473625,65,33.0
9473625,66,28.2
9473625,67,24.999999999999996
9473625,68,22.599999999999994
9473625,69,20.2
9473625,70,18.999999999999996
9473625,71,18.199999999999996
9473625,72,17.399999999999995
9473625,73,16.599999999999998
9473625,74,16.199999999999996
9473625,75,16.199999999999996
9473625,76,16.199999999999996
9473625,77,15.399999999999997
9473625,78,15.399999999999997
9473625,79,14.199999999999996
9473625,80,14.199999999999996
9473625,81,14.199999999999996
9473625,82,14.199999999999996
9473625,83,13.399999999999997
9473625,84,13.399999999999997
9473625,85,13.399999999999997
9473625,86,13.399999999999997
9473625,87,13.399999999999997
9473625,88,13.399999999999997
9473625,89,13.399999999999997
9473625,90,13.399999999999997
9473625,91,13.399999999999997
9473625,92,13.399999999999997
9473625,93,13.399999999999997
9473625,94,13.399999999999997
9473625,95,13.399999999999997
9473625,96,13.399999999999997
9473625,97,13.399999999999997
9473625,98,13.399999999999997
9473625,99,13.399999999999997
9473625,100,13.399999999999997
9473625,101,13.399999999999997
9473625,102,13.399999999999997
9473625,103,13.399999999999997
9473625,104,13.399999999999997
9473625,105,13.399999999999997
9473625,106,13.399999999999997
9473625,107,13.399999999999997
9473625,108,13.399999999999997
9473625,109,13.399999999999997
9473625,110,13.399999999999997
9473625,111,13.399999999999997
9473625,112,13.399999999999997
9473625,113,13.399999999999997
9473625,114,13.399999999999997
9473625,115,13.399999999999997
9473625,116,13.399999999999997
9473625,117,13.399999999999997
9473625,118,13.399999999999997
9473625,119,13.399999999999997
9473625,120,13.399999999999997
9473625,121,13.399999999999997
9473625,122,13.399999999999997
9473625,123,13.399999999999997
9473625,124,13.399999999999997
9473625,125,13.399999999999997
9473625,126,13.399999999999997
9473625,127,13.399999999999997
9473625,128,13.399999999999997
9473625,129,13.399999999999997
9473625,130,13.399999999999997
9473625,131,13.399999999999997
9473625,132,13.399999999999997
9473625,133,13.399999999999997
9473625,134,13.399999999999997
9473625,135,13.399999999999997
9473625,136,13.399999999999997
9473625,137,13.399999999999997
9473625,138,13.399999999999997
9473625,139,13.399999999999997
9473625,140,13.399999999999997
9473625,141,13.399999999999997
9473625,142,13.399999999999997
9473625,143,13.399999999999997
9473625,144,13.399999999999997
9473625,145,13.399999999999997
9473625,146,13.399999999999997
9473625,147,13.399999999999997
9473625,148,13.399999999999997
9473625,149,13.399999999999997
9473625,150,13.399999999999997
9473625,151,13.399999999999997
9473625,152,13.399999999999997
9473625,153,13.399999999999997
9473625,154,13.399999999999997
9473625,155,13.399999999999997
9473625,156,13.399999999999997
9473625,157,13.399999999999997
9473625,158,13.399999999999997
9473625,159,13.399999999999997
9473625,160,13.399999999999997
9473625,161,13.399999999999997
9473625,162,13.399999999999997
9473625,163,13.399999999999997
9473625,164,13.399999999999997
9473625,165,13.399999999999997
9473625,166,13.399999999999997
9473625,167,13.399999999999997
9473625,168,13.399999999999997
9473625,169,13.399999999999997
9473625,170,13.399999999999997
9473625,171,13.399999999999997
9473625,172,13.399999999999997
9473625,173,13.399999999999997
9473625,174,13.399999999999997
9473625,175,13.399999999999997
9473625,176,13.399999999999997
9473625,177,13.399999999999997
9473625,178,13.399999999999997
9473625,179,13.399999999999997
9473625,180,13.399999999999997
9473625,181,13.399999999999997
9473625,182,13.399999999999997
9473625,183,13.399999999999997
9473625,184,13.399999999999997
9473625,185,13.399999999999997
9473625,186,13.399999999999997
9473625,187,13.399999999999997
9473625,188,13.399999999999997
9473625,189,13.399999999999997
9473625,190,13.399999999999997
9473625,191,13.399999999999997
9473625,192,13.399999999999997
9473625,193,13.399999999999997
9473625,194,13.399999999999997
9473625,195,13.399999999999997
9473625,196,13.399999999999997
9473625,197,13.399999999999997
9473625,198,13.399999999999997
9473625,199,13.399999999999997
9473625,200,13.399999999999997
9473625,201,13.399999999999997
9473625,202,13.399999999999997
9473625,203,13.399999999999997
9473625,204,13.399999999999997
9473625,205,13.399999999999997
9473625,206,13.399999999999997
9473625,207,13.399999999999997
9473625,208,13.399999999999997
9473625,209,13.399999999999997
9473625,210,13.399999999999997
9473625,211,13.399999999999997
9473625,212,13.399999999999997
9473625,213,13.399999999999997
9473625,214,13.399999999999997
9473625,215,13.399999999999997
9473625,216,13.399999999999997
9473625,217,13.399999999999997
9473625,218,13.399999999999997
9473625,219,13.399999999999997
9473625,220,13.399999999999997
9473625,221,13.399999999999997
9473625,222,13.399999999999997
9473625,223,13.399999999999997
9473625,224,13.399999999999997
9473625,225,13.399999999999997
9473625,226,13.399999999999997
9473625,227,13.399999999999997
9473625,228,13.399999999999997
9473625,229,13.399999999999997
9473625,230,13.399999999999997
9473625,231,13.399999999999997
9473625,232,13.399999999999997
9473625,233,13.399999999999997
9473625,234,13.399999999999997
9473625,235,13.399999999999997
9473625,236,13.399999999999997
9473625,237,13.399999999999997
9473625,238,13.399999999999997
9473625,239,13.399999999999997
9473625,240,13.399999999999997
9473625,241,13.399999999999997
9473625,242,13.399999999999997
9473625,243,13.399999999999997
9473625,244,13.399999999999997
9473625,245,13.399999999999997
9473625,246,13.399999999999997
9473625,247,13.399999999999997
9473625,248,13.399999999999997
9473625,249,13.399999999999997
9473625,250,13.399999999999997
9473625,251,13.399999999999997
9473625,252,13.399999999999997
9473625,253,13.399999999999997
9473625,254,13.399999999999997
9473625,255,13.399999999999997
9473625,256,13.399999999999997
9473625,257,13.399999999999997
9473625,258,13.399999999999997
9473625,259,13.399999999999997
9473625,260,13.399999999999997
9473625,261,13.399999999999997
9473625,262,13.399999999999997
9473625,263,13.399999999999997
9473625,264,13.399999999999997
9473625,265,13.399999999999997
9473625,266,13.399999999999997
9473625,267,13.399999999999997
9473625,268,13.399999999999997
9473625,269,13.399999999999997
9473625,270,13.399999999999997
9473625,271,13.399999999999997
9473625,272,13.399999999999997
9473625,273,13.399999999999997
9473625,274,13.399999999999997
9473625,275,13.399999999999997
9473625,276,13.399999999999997
9473625,277,13.399999999999997
9473625,278,13.399999999999997
9473625,279,13.399999999999997
9473625,280,13.399999999999997
9473625,281,13.399999999999997
9473625,282,13.399999999999997
9473625,283,13.399999999999997
9473625,284,13.399999999999997
9473625,285,13.399999999999997
9473625,286,13.399999999999997
9473625,287,13.399999999999997
9473625,288,13.399999999999997
9473625,289,13.399999999999997
9473625,290,13.399999999999997
9473625,291,13.399999999999997
9473625,292,13.399999999999997
9473625,293,13.399999999999997
9473625,294,13.399999999999997
9473625,295,13.399999999999997
9473625,296,13.399999999999997
9473625,297,13.399999999999997
9473625,298,13.399999999999997
9473625,299,13.399999999999997
9473625,300,13.399999999999997
9473625,301,13.399999999999997
9473625,302,13.399999999999997
9473625,303,13.399999999999997
9473625,304,13.399999999999997
9473625,305,13.399999999999997
9473625,306,13.399999999999997
9473625,307,13.399999999999997
9473625,308,13.399999999999997
9473625,309,13.399999999999997
9473625,310,13.399999999999997
9473625,311,13.399999999999997
9473625,312,13.399999999999997
9473625,313,13.399999999999997
9473625,314,13.399999999999997
9473625,315,13.399999999999997
9473625,316,13.399999999999997
9473625,317,13.399999999999997
9473625,318,13.399999999999997
9473625,319,13.399999999999997
9473625,320,13.399999999999997
9473625,321,13.399999999999997
9473625,322,13.399999999999997
9473625,323,13.399999999999997
9473625,324,13.399999999999997
9473625,325,13.399999999999997
9473625,326,13.399999999999997
9473625,327,13.399999999999997
9473625,328,13.399999999999997
9473625,329,13.399999999999997
9473625,330,13.399999999999997
9473625,331,13.399999999999997
9473625,332,13.399999999999997
9473625,333,13.399999999999997
9473625,334,13.399999999999997
9473625,335,13.399999999999997
9473625,336,13.399999999999997
9473625,337,13.399999999999997
9473625,338,13.399999999999997
9473625,339,13.399999999999997
9473625,340,13.399999999999997
9473625,341,13.399999999999997
9473625,342,13.399999999999997
9473625,343,13.399999999999997
9473625,344,13.399999999999997
9473625,345,13.399999999999997
9473625,346,13.399999999999997
9473625,347,13.399999999999997
9473625,348,13.399999999999997
9473625,349,13.399999999999997
9473625,350,13.399999999999997
9473625,351,13.399999999999997
9473625,352,13.399999999999997
9473625,353,13.399999999999997
9473625,354,13.399999999999997
9473625,355,13.399999999999997
9473625,356,13.399999999999997
9473625,357,13.399999999999997
9473625,358,13.399999999999997
9473625,359,13.399999999999997
9473625,360,13.399999999999997
9473625,361,13.399999999999997
9473625,362,13.399999999999997
9473625,363,13.399999999999997
9473625,364,13.399999999999997
9473625,365,13.399999999999997
9473625,366,13.399999999999997
9473625,367,13.399999999999997
9473625,368,13.399999999999997
9473625,369,13.399999999999997
9473625,370,13.399999999999997
9473625,371,13.399999999999997
9473625,372,13.399999999999997
9473625,373,13.399999999999997
9473625,374,13.399999999999997
9473625,375,13.399999999999997
9473625,376,13.399999999999997
9473625,377,13.399999999999997
9473625,378,13.399999999999997
9473625,379,13.399999999999997
9473625,380,13.399999999999997
9473625,381,13.399999999999997
9473625,382,13.399999999999997
9473625,383,13.399999999999997
9473625,384,13.399999999999997
9473625,385,13.399999999999997
9473625,386,13.399999999999997
9473625,387,13.399999999999997
9473625,388,13.399999999999997
9473625,389,13.399999999999997
9473625,390,13.399999999999997
9473625,391,13.399999999999997
9473625,392,13.399999999999997
9473625,393,13.399999999999997
9473625,394,13.399999999999997
9473625,395,13.399999999999997
9473625,396,13.399999999999997
9473625,397,13.399999999999997
9473625,398,13.399999999999997
9473625,399,13.399999999999997
9473625,400,13.399999999999997
9473625,401,13.399999999999997
9473625,402,13.399999999999997
9473625,403,13.399999999999997
9473625,404,13.399999999999997
9473625,405,13.399999999999997
9473625,406,13.399999999999997
9473625,407,13.399999999999997
9473625,408,13.399999999999997
9473625,409,13.399999999999997
9473625,410,13.399999999999997
9473625,411,13.399999999999997
9473625,412,13.399999999999997
9473625,413,13.399999999999997
9473625,414,13.399999999999997
9473625,415,13.399999999999997
9473625,416,13.399999999999997
9473625,417,13.399999999999997
9473625,418,13.399999999999997
9473625,419,13.399999999999997
9473625,420,13.399999999999997
9473625,421,13.399999999999997
9473625,422,13.399999999999997
9473625,423,13.399999999999997
9473625,424,13.399999999999997
9473625,425,13.399999999999997
9473625,426,13.399999999999997
9473625,427,13.399999999999997
9473625,428,13.399999999999997
9473625,429,13.399999999999997
9473625,430,13.399999999999997
9473625,431,13.399999999999997
9473625,432,13.399999999999997
9473625,433,13.399999999999997
9473625,434,13.399999999999997
9473625,435,13.399999999999997
9473625,436,13.399999999999997
9473625,437,13.399999999999997
9473625,438,13.399999999999997
9473625,439,13.399999999999997
9473625,440,13.399999999999997
9473625,441,13.399999999999997
9473625,442,13.399999999999997
9473625,443,13.399999999999997
9473625,444,13.399999999999997
9473625,445,13.399999999999997
9473625,446,13.399999999999997
9473625,447,13.399999999999997
9473625,448,13.399999999999997
9473625,449,13.399999999999997
9473625,450,13.399999999999997
9473625,451,13.399999999999997
9473625,452,13.399999999999997
9473625,453,13.399999999999997
9473625,454,13.399999999999997
9473625,455,13.399999999999997
9473625,456,13.399999999999997
9473625,457,13.399999999999997
9473625,458,13.399999999999997
9473625,459,13.399999999999997
9473625,460,13.399999999999997
9473625,461,13.399999999999997
9473625,462,13.399999999999997
9473625,463,13.399999999999997
9473625,464,13.399999999999997
9473625,465,13.399999999999997
9473625,466,13.399999999999997
9473625,467,13.399999999999997
9473625,468,13.399999999999997
9473625,469,13.399999999999997
9473625,470,13.399999999999997
9473625,471,13.399999999999997
9473625,472,13.399999999999997
9473625,473,13.399999999999997
9473625,474,13.399999999999997
9473625,475,13.399999999999997
9473625,476,13.399999999999997
9473625,477,13.399999999999997
9473625,478,13.399999999999997
9473625,479,13.399999999999997
9473625,480,13.399999999999997
9473625,481,13.399999999999997
9473625,482,13.399999999999997
9473625,483,13.399999999999997
9473625,484,13.399999999999997
9473625,485,13.399999999999997
9473625,486,13.399999999999997
9473625,487,13.399999999999997
9473625,488,13.399999999999997
9473625,489,13.399999999999997
9473625,490,13.399999999999997
9473625,491,13.399999999999997
9473625,492,13.399999999999997
9473625,493,13.399999999999997
9473625,494,13.399999999999997
9473625,495,13.399999999999997
9473625,496,13.399999999999997
9473625,497,13.399999999999997
9473625,498,13.399999999999997
9473625,499,13.399999999999997
9473625,500,13.399999999999997
9473625,501,13.399999999999997
9473625,502,13.399999999999997
9473625,503,13.399999999999997
9473625,504,13.399999999999997
9473625,505,13.399999999999997
9473625,506,13.399999999999997
9473625,507,13.399999999999997
9473625,508,13.399999999999997
9473625,509,13.399999999999997
9473625,510,13.399999999999997
9473625,511,13.399999999999997
9473625,512,13.399999999999997
9473625,513,13.399999999999997
9473625,514,13.399999999999997
9473625,515,13.399999999999997
9473625,516,13.399999999999997
9473625,517,13.399999999999997
9473625,518,13.399999999999997
9473625,519,13.399999999999997
9473625,520,13.399999999999997
9473625,521,13.399999999999997
9473625,522,13.399999999999997
9473625,523,13.399999999999997
9473625,524,13.399999999999997
9473625,525,13.399999999999997
9473625,526,13.399999999999997
9473625,527,13.399999999999997
9473625,528,13.399999999999997
9473625,529,13.399999999999997
9473625,530,13.399999999999997
9473625,531,13.399999999999997
9473625,532,13.399999999999997
9473625,533,13.399999999999997
9473625,534,13.399999999999997
9473625,535,13.399999999999997
9473625,536,13.399999999999997
9473625,537,13.399999999999997
9473625,538,13.399999999999997
9473625,539,13.399999999999997
9473625,540,13.399999999999997
9473625,541,13.399999999999997
9473625,542,13.399999999999997
9473625,543,13.399999999999997
9473625,544,13.399999999999997
9473625,545,13.399999999999997
9473625,546,13.399999999999997
9473625,547,13.399999999999997
9473625,548,13.399999999999997
9473625,549,13.399999999999997
9473625,550,13.399999999999997
9473625,551,13.399999999999997
9473625,552,13.399999999999997
9473625,553,13.399999999999997
9473625,554,13.399999999999997
9473625,555,13.399999999999997
9473625,556,13.399999999999997
9473625,557,13.399999999999997
9473625,558,13.399999999999997
9473625,559,13.399999999999997
9473625,560,13.399999999999997
9473625,561,13.399999999999997
9473625,562,13.399999999999997
9473625,563,13.399999999999997
9473625,564,13.399999999999997
9473625,565,13.399999999999997
9473625,566,13.399999999999997
9473625,567,13.399999999999997
9473625,568,13.399999999999997
9473625,569,13.399999999999997
9473625,570,13.399999999999997
9473625,571,13.399999999999997
9473625,572,13.399999999999997
9473625,573,13.399999999999997
9473625,574,13.399999999999997
9473625,575,13.399999999999997
9473625,576,13.399999999999997
9473625,577,13.399999999999997
9473625,578,13.399999999999997
9473625,579,13.399999999999997
9473625,580,13.399999999999997
9473625,581,13.399999999999997
9473625,582,13.399999999999997
